n,p_trust,p_drop,p_test,false_trust,false_drop,wrong_nontest,method,triage_risk,full_risk,seed,c_e,theta_drop,testing_region,lambda
30,0.43333333333333335,0.5,0.06666666666666667,0.23076923076923078,0.2,0.2,bayes,0.2,0.20066666666666666,0,0.01,0.01,1.0,
30,0.43333333333333335,0.5,0.06666666666666667,0.23076923076923078,0.2,0.2,risktriage,0.2,0.20066666666666666,0,0.01,0.01,1.0,1.733123670849261
30,0.43333333333333335,0.5,0.06666666666666667,0.23076923076923078,0.2,0.2,rac_interval,0.2,0.20066666666666666,0,0.01,,,4.097704684419948
30,0.43333333333333335,0.5,0.06666666666666667,0.23076923076923078,0.2,0.2,rac_interval_cost,0.2,0.20066666666666666,0,0.01,,,4.097704684419948
30,0.43333333333333335,0.5,0.06666666666666667,0.23076923076923078,0.2,0.2,bayes,0.2,0.2016666666666667,0,0.025,0.025,1.0,
30,0.43333333333333335,0.5,0.06666666666666667,0.23076923076923078,0.2,0.2,risktriage,0.2,0.2016666666666667,0,0.025,0.025,1.0,2.0003902890450123
30,0.43333333333333335,0.5,0.06666666666666667,0.23076923076923078,0.2,0.2,rac_interval,0.2,0.2016666666666667,0,0.025,,,4.097704684419948
30,0.43333333333333335,0.5,0.06666666666666667,0.23076923076923078,0.2,0.2,rac_interval_cost,0.2,0.2016666666666667,0,0.025,,,4.097704684419948
30,0.43333333333333335,0.5,0.06666666666666667,0.23076923076923078,0.2,0.2,bayes,0.2,0.2033333333333333,0,0.05,0.05,1.0,
30,0.43333333333333335,0.5,0.06666666666666667,0.23076923076923078,0.2,0.2,risktriage,0.2,0.2033333333333333,0,0.05,0.05,1.0,2.308872341778563
30,0.43333333333333335,0.5,0.06666666666666667,0.23076923076923078,0.2,0.2,rac_interval,0.2,0.2033333333333333,0,0.05,,,4.097704684419948
30,0.43333333333333335,0.5,0.06666666666666667,0.23076923076923078,0.2,0.2,rac_interval_cost,0.2,0.2033333333333333,0,0.05,,,4.097704684419948
30,0.43333333333333335,0.5,0.06666666666666667,0.23076923076923078,0.2,0.2,bayes,0.2,0.20666666666666664,0,0.1,0.1,1.0,
30,0.43333333333333335,0.5,0.06666666666666667,0.23076923076923078,0.2,0.2,risktriage,0.2,0.20666666666666664,0,0.1,0.1,1.0,3.075886378043518
30,0.43333333333333335,0.5,0.06666666666666667,0.23076923076923078,0.2,0.2,rac_interval,0.2,0.20666666666666664,0,0.1,,,4.097704684419948
30,0.43333333333333335,0.5,0.06666666666666667,0.23076923076923078,0.2,0.2,rac_interval_cost,0.2,0.20666666666666664,0,0.1,,,4.097704684419948
30,0.43333333333333335,0.5333333333333333,0.03333333333333333,0.23076923076923078,0.1875,0.2,bayes,0.2,0.20666666666666667,0,0.2,0.2,1.0,
30,0.43333333333333335,0.5,0.06666666666666667,0.23076923076923078,0.2,0.2,risktriage,0.2,0.21333333333333335,0,0.2,0.2,1.0,4.729615546749322
30,0.43333333333333335,0.5,0.06666666666666667,0.23076923076923078,0.2,0.2,rac_interval,0.2,0.21333333333333335,0,0.2,,,4.097704684419948
30,0.43333333333333335,0.5,0.06666666666666667,0.23076923076923078,0.2,0.2,rac_interval_cost,0.2,0.21333333333333335,0,0.2,,,4.097704684419948
30,0.43333333333333335,0.5333333333333333,0.03333333333333333,0.23076923076923078,0.1875,0.2,bayes,0.2,0.21333333333333335,0,0.4,0.4,1.0,
30,0.43333333333333335,0.5,0.06666666666666667,0.23076923076923078,0.2,0.2,risktriage,0.2,0.22666666666666668,0,0.4,0.4,1.0,14.897291292503478
30,0.43333333333333335,0.5,0.06666666666666667,0.23076923076923078,0.2,0.2,rac_interval,0.2,0.22666666666666668,0,0.4,,,4.097704684419948
30,0.43333333333333335,0.5,0.06666666666666667,0.23076923076923078,0.2,0.2,rac_interval_cost,0.2,0.22666666666666668,0,0.4,,,4.097704684419948
30,0.43333333333333335,0.5666666666666667,0.0,0.23076923076923078,0.23529411764705882,0.23333333333333334,bayes,0.23333333333333334,0.23333333333333334,0,0.6,0.6,0.0,
30,0.43333333333333335,0.5666666666666667,0.0,0.23076923076923078,0.23529411764705882,0.23333333333333334,risktriage,0.23333333333333334,0.23333333333333334,0,0.6,0.6,0.0,83.27785194231171
30,0.43333333333333335,0.5,0.06666666666666667,0.23076923076923078,0.2,0.2,rac_interval,0.2,0.23999999999999996,0,0.6,,,4.097704684419948
30,0.43333333333333335,0.5666666666666667,0.0,0.23076923076923078,0.23529411764705882,0.23333333333333334,rac_interval_cost,0.23333333333333334,0.23333333333333334,0,0.6,,,4.097704684419948
30,0.43333333333333335,0.5666666666666667,0.0,0.23076923076923078,0.23529411764705882,0.23333333333333334,bayes,0.23333333333333334,0.23333333333333334,0,0.8,0.8,0.0,
30,0.43333333333333335,0.5666666666666667,0.0,0.23076923076923078,0.23529411764705882,0.23333333333333334,risktriage,0.23333333333333334,0.23333333333333334,0,0.8,0.8,0.0,83.27785194231171
30,0.43333333333333335,0.5,0.06666666666666667,0.23076923076923078,0.2,0.2,rac_interval,0.2,0.2533333333333333,0,0.8,,,4.097704684419948
30,0.43333333333333335,0.5666666666666667,0.0,0.23076923076923078,0.23529411764705882,0.23333333333333334,rac_interval_cost,0.23333333333333334,0.23333333333333334,0,0.8,,,4.097704684419948
32,0.25,0.71875,0.03125,0.25,0.043478260869565216,0.09375,bayes,0.09375,0.0940625,1,0.01,0.01,1.0,
32,0.28125,0.71875,0.0,0.2222222222222222,0.043478260869565216,0.09375,risktriage,0.09375,0.09375,1,0.01,0.01,1.0,0.2491251798208483
32,0.28125,0.71875,0.0,0.2222222222222222,0.043478260869565216,0.09375,rac_interval,0.09375,0.09375,1,0.01,,,0.582233593823479
32,0.28125,0.71875,0.0,0.2222222222222222,0.043478260869565216,0.09375,rac_interval_cost,0.09375,0.09375,1,0.01,,,0.582233593823479
32,0.28125,0.71875,0.0,0.2222222222222222,0.043478260869565216,0.09375,bayes,0.09375,0.09375,1,0.025,0.025,1.0,
32,0.28125,0.71875,0.0,0.2222222222222222,0.043478260869565216,0.09375,risktriage,0.09375,0.09375,1,0.025,0.025,1.0,0.33060608041677864
32,0.28125,0.71875,0.0,0.2222222222222222,0.043478260869565216,0.09375,rac_interval,0.09375,0.09375,1,0.025,,,0.582233593823479
32,0.28125,0.71875,0.0,0.2222222222222222,0.043478260869565216,0.09375,rac_interval_cost,0.09375,0.09375,1,0.025,,,0.582233593823479
32,0.28125,0.71875,0.0,0.2222222222222222,0.043478260869565216,0.09375,bayes,0.09375,0.09375,1,0.05,0.05,1.0,
32,0.28125,0.71875,0.0,0.2222222222222222,0.043478260869565216,0.09375,risktriage,0.09375,0.09375,1,0.05,0.05,1.0,0.3808530540234815
32,0.28125,0.71875,0.0,0.2222222222222222,0.043478260869565216,0.09375,rac_interval,0.09375,0.09375,1,0.05,,,0.582233593823479
32,0.28125,0.71875,0.0,0.2222222222222222,0.043478260869565216,0.09375,rac_interval_cost,0.09375,0.09375,1,0.05,,,0.582233593823479
32,0.28125,0.71875,0.0,0.2222222222222222,0.043478260869565216,0.09375,bayes,0.09375,0.09375,1,0.1,0.1,1.0,
32,0.28125,0.71875,0.0,0.2222222222222222,0.043478260869565216,0.09375,risktriage,0.09375,0.09375,1,0.1,0.1,1.0,0.5054179408761866
32,0.28125,0.71875,0.0,0.2222222222222222,0.043478260869565216,0.09375,rac_interval,0.09375,0.09375,1,0.1,,,0.582233593823479
32,0.28125,0.71875,0.0,0.2222222222222222,0.043478260869565216,0.09375,rac_interval_cost,0.09375,0.09375,1,0.1,,,0.582233593823479
32,0.28125,0.71875,0.0,0.2222222222222222,0.043478260869565216,0.09375,bayes,0.09375,0.09375,1,0.2,0.2,1.0,
32,0.28125,0.71875,0.0,0.2222222222222222,0.043478260869565216,0.09375,risktriage,0.09375,0.09375,1,0.2,0.2,1.0,0.6707240292834172
32,0.28125,0.71875,0.0,0.2222222222222222,0.043478260869565216,0.09375,rac_interval,0.09375,0.09375,1,0.2,,,0.582233593823479
32,0.28125,0.71875,0.0,0.2222222222222222,0.043478260869565216,0.09375,rac_interval_cost,0.09375,0.09375,1,0.2,,,0.582233593823479
32,0.28125,0.71875,0.0,0.2222222222222222,0.043478260869565216,0.09375,bayes,0.09375,0.09375,1,0.4,0.4,1.0,
32,0.28125,0.71875,0.0,0.2222222222222222,0.043478260869565216,0.09375,risktriage,0.09375,0.09375,1,0.4,0.4,1.0,2.3964221084682245
32,0.28125,0.71875,0.0,0.2222222222222222,0.043478260869565216,0.09375,rac_interval,0.09375,0.09375,1,0.4,,,0.582233593823479
32,0.28125,0.71875,0.0,0.2222222222222222,0.043478260869565216,0.09375,rac_interval_cost,0.09375,0.09375,1,0.4,,,0.582233593823479
32,0.28125,0.71875,0.0,0.2222222222222222,0.043478260869565216,0.09375,bayes,0.09375,0.09375,1,0.6,0.6,0.0,
32,0.28125,0.71875,0.0,0.2222222222222222,0.043478260869565216,0.09375,risktriage,0.09375,0.09375,1,0.6,0.6,0.0,71.49601830969485
32,0.28125,0.71875,0.0,0.2222222222222222,0.043478260869565216,0.09375,rac_interval,0.09375,0.09375,1,0.6,,,0.582233593823479
32,0.28125,0.71875,0.0,0.2222222222222222,0.043478260869565216,0.09375,rac_interval_cost,0.09375,0.09375,1,0.6,,,0.582233593823479
32,0.28125,0.71875,0.0,0.2222222222222222,0.043478260869565216,0.09375,bayes,0.09375,0.09375,1,0.8,0.8,0.0,
32,0.28125,0.71875,0.0,0.2222222222222222,0.043478260869565216,0.09375,risktriage,0.09375,0.09375,1,0.8,0.8,0.0,71.49601830969485
32,0.28125,0.71875,0.0,0.2222222222222222,0.043478260869565216,0.09375,rac_interval,0.09375,0.09375,1,0.8,,,0.582233593823479
32,0.28125,0.71875,0.0,0.2222222222222222,0.043478260869565216,0.09375,rac_interval_cost,0.09375,0.09375,1,0.8,,,0.582233593823479
31,0.2903225806451613,0.6774193548387096,0.03225806451612903,0.1111111111111111,0.09523809523809523,0.0967741935483871,bayes,0.0967741935483871,0.09709677419354838,2,0.01,0.01,1.0,
31,0.16129032258064516,0.4838709677419355,0.3548387096774194,0.0,0.06666666666666667,0.03225806451612903,risktriage,0.03225806451612903,0.03580645161290323,2,0.01,0.01,1.0,10.450152409119582
31,0.16129032258064516,0.4838709677419355,0.3548387096774194,0.0,0.06666666666666667,0.03225806451612903,rac_interval,0.03225806451612903,0.03580645161290323,2,0.01,,,22.596933616798548
31,0.16129032258064516,0.4838709677419355,0.3548387096774194,0.0,0.06666666666666667,0.03225806451612903,rac_interval_cost,0.03225806451612903,0.03580645161290323,2,0.01,,,22.596933616798548
31,0.3225806451612903,0.6774193548387096,0.0,0.1,0.09523809523809523,0.0967741935483871,bayes,0.0967741935483871,0.0967741935483871,2,0.025,0.025,1.0,
31,0.16129032258064516,0.4838709677419355,0.3548387096774194,0.0,0.06666666666666667,0.03225806451612903,risktriage,0.03225806451612903,0.0411290322580645,2,0.025,0.025,1.0,12.192927781431777
31,0.16129032258064516,0.4838709677419355,0.3548387096774194,0.0,0.06666666666666667,0.03225806451612903,rac_interval,0.03225806451612903,0.0411290322580645,2,0.025,,,22.596933616798548
31,0.16129032258064516,0.4838709677419355,0.3548387096774194,0.0,0.06666666666666667,0.03225806451612903,rac_interval_cost,0.03225806451612903,0.0411290322580645,2,0.025,,,22.596933616798548
31,0.3225806451612903,0.6774193548387096,0.0,0.1,0.09523809523809523,0.0967741935483871,bayes,0.0967741935483871,0.0967741935483871,2,0.05,0.05,1.0,
31,0.16129032258064516,0.4838709677419355,0.3548387096774194,0.0,0.06666666666666667,0.03225806451612903,risktriage,0.03225806451612903,0.05000000000000001,2,0.05,0.05,1.0,14.226346378783193
31,0.16129032258064516,0.4838709677419355,0.3548387096774194,0.0,0.06666666666666667,0.03225806451612903,rac_interval,0.03225806451612903,0.05000000000000001,2,0.05,,,22.596933616798548
31,0.16129032258064516,0.4838709677419355,0.3548387096774194,0.0,0.06666666666666667,0.03225806451612903,rac_interval_cost,0.03225806451612903,0.05000000000000001,2,0.05,,,22.596933616798548
31,0.3225806451612903,0.6774193548387096,0.0,0.1,0.09523809523809523,0.0967741935483871,bayes,0.0967741935483871,0.0967741935483871,2,0.1,0.1,1.0,
31,0.16129032258064516,0.45161290322580644,0.3870967741935484,0.0,0.0,0.0,risktriage,0.0,0.03870967741935485,2,0.1,0.1,1.0,19.367079384650737
31,0.16129032258064516,0.4838709677419355,0.3548387096774194,0.0,0.06666666666666667,0.03225806451612903,rac_interval,0.03225806451612903,0.06774193548387097,2,0.1,,,22.596933616798548
31,0.16129032258064516,0.4838709677419355,0.3548387096774194,0.0,0.06666666666666667,0.03225806451612903,rac_interval_cost,0.03225806451612903,0.06774193548387097,2,0.1,,,22.596933616798548
31,0.3225806451612903,0.6774193548387096,0.0,0.1,0.09523809523809523,0.0967741935483871,bayes,0.0967741935483871,0.0967741935483871,2,0.2,0.2,1.0,
31,0.16129032258064516,0.4838709677419355,0.3548387096774194,0.0,0.06666666666666667,0.03225806451612903,risktriage,0.03225806451612903,0.1032258064516129,2,0.2,0.2,1.0,26.365431707100417
31,0.16129032258064516,0.4838709677419355,0.3548387096774194,0.0,0.06666666666666667,0.03225806451612903,rac_interval,0.03225806451612903,0.1032258064516129,2,0.2,,,22.596933616798548
31,0.16129032258064516,0.4838709677419355,0.3548387096774194,0.0,0.06666666666666667,0.03225806451612903,rac_interval_cost,0.03225806451612903,0.1032258064516129,2,0.2,,,22.596933616798548
31,0.3225806451612903,0.6774193548387096,0.0,0.1,0.09523809523809523,0.0967741935483871,bayes,0.0967741935483871,0.0967741935483871,2,0.4,0.4,1.0,
31,0.16129032258064516,0.4838709677419355,0.3548387096774194,0.0,0.06666666666666667,0.03225806451612903,risktriage,0.03225806451612903,0.17419354838709677,2,0.4,0.4,1.0,90.55614025467192
31,0.16129032258064516,0.4838709677419355,0.3548387096774194,0.0,0.06666666666666667,0.03225806451612903,rac_interval,0.03225806451612903,0.17419354838709677,2,0.4,,,22.596933616798548
31,0.16129032258064516,0.4838709677419355,0.3548387096774194,0.0,0.06666666666666667,0.03225806451612903,rac_interval_cost,0.03225806451612903,0.17419354838709677,2,0.4,,,22.596933616798548
31,0.3225806451612903,0.6774193548387096,0.0,0.1,0.09523809523809523,0.0967741935483871,bayes,0.0967741935483871,0.0967741935483871,2,0.6,0.6,0.0,
31,0.3225806451612903,0.6774193548387096,0.0,0.1,0.09523809523809523,0.0967741935483871,risktriage,0.0967741935483871,0.0967741935483871,2,0.6,0.6,0.0,195.81447330304775
31,0.16129032258064516,0.4838709677419355,0.3548387096774194,0.0,0.06666666666666667,0.03225806451612903,rac_interval,0.03225806451612903,0.24516129032258063,2,0.6,,,22.596933616798548
31,0.3225806451612903,0.6774193548387096,0.0,0.1,0.09523809523809523,0.0967741935483871,rac_interval_cost,0.0967741935483871,0.0967741935483871,2,0.6,,,22.596933616798548
31,0.3225806451612903,0.6774193548387096,0.0,0.1,0.09523809523809523,0.0967741935483871,bayes,0.0967741935483871,0.0967741935483871,2,0.8,0.8,0.0,
31,0.3225806451612903,0.6774193548387096,0.0,0.1,0.09523809523809523,0.0967741935483871,risktriage,0.0967741935483871,0.0967741935483871,2,0.8,0.8,0.0,195.81447330304775
31,0.16129032258064516,0.4838709677419355,0.3548387096774194,0.0,0.06666666666666667,0.03225806451612903,rac_interval,0.03225806451612903,0.31612903225806455,2,0.8,,,22.596933616798548
31,0.3225806451612903,0.6774193548387096,0.0,0.1,0.09523809523809523,0.0967741935483871,rac_interval_cost,0.0967741935483871,0.0967741935483871,2,0.8,,,22.596933616798548
29,0.3448275862068966,0.5517241379310345,0.10344827586206896,0.4,0.125,0.20689655172413793,bayes,0.20689655172413793,0.2079310344827586,3,0.01,0.01,1.0,
29,0.3448275862068966,0.5517241379310345,0.10344827586206896,0.4,0.125,0.20689655172413793,risktriage,0.20689655172413793,0.2079310344827586,3,0.01,0.01,1.0,1.2719675517433802
29,0.3448275862068966,0.5517241379310345,0.10344827586206896,0.4,0.125,0.20689655172413793,rac_interval,0.20689655172413793,0.2079310344827586,3,0.01,,,2.99925337600756
29,0.3448275862068966,0.5517241379310345,0.10344827586206896,0.4,0.125,0.20689655172413793,rac_interval_cost,0.20689655172413793,0.2079310344827586,3,0.01,,,2.99925337600756
29,0.3448275862068966,0.5517241379310345,0.10344827586206896,0.4,0.125,0.20689655172413793,bayes,0.20689655172413793,0.20948275862068966,3,0.025,0.025,1.0,
29,0.3448275862068966,0.5517241379310345,0.10344827586206896,0.4,0.125,0.20689655172413793,risktriage,0.20689655172413793,0.20948275862068966,3,0.025,0.025,1.0,1.4674575706618975
29,0.3448275862068966,0.5517241379310345,0.10344827586206896,0.4,0.125,0.20689655172413793,rac_interval,0.20689655172413793,0.20948275862068966,3,0.025,,,2.99925337600756
29,0.3448275862068966,0.5517241379310345,0.10344827586206896,0.4,0.125,0.20689655172413793,rac_interval_cost,0.20689655172413793,0.20948275862068966,3,0.025,,,2.99925337600756
29,0.3448275862068966,0.5517241379310345,0.10344827586206896,0.4,0.125,0.20689655172413793,bayes,0.20689655172413793,0.21206896551724136,3,0.05,0.05,1.0,
29,0.3448275862068966,0.5517241379310345,0.10344827586206896,0.4,0.125,0.20689655172413793,risktriage,0.20689655172413793,0.21206896551724136,3,0.05,0.05,1.0,1.6929926543655855
29,0.3448275862068966,0.5517241379310345,0.10344827586206896,0.4,0.125,0.20689655172413793,rac_interval,0.20689655172413793,0.21206896551724136,3,0.05,,,2.99925337600756
29,0.3448275862068966,0.5517241379310345,0.10344827586206896,0.4,0.125,0.20689655172413793,rac_interval_cost,0.20689655172413793,0.21206896551724136,3,0.05,,,2.99925337600756
29,0.3448275862068966,0.5517241379310345,0.10344827586206896,0.4,0.125,0.20689655172413793,bayes,0.20689655172413793,0.21724137931034482,3,0.1,0.1,1.0,
29,0.3448275862068966,0.5517241379310345,0.10344827586206896,0.4,0.125,0.20689655172413793,risktriage,0.20689655172413793,0.21724137931034482,3,0.1,0.1,1.0,2.253378337998743
29,0.3448275862068966,0.5517241379310345,0.10344827586206896,0.4,0.125,0.20689655172413793,rac_interval,0.20689655172413793,0.21724137931034482,3,0.1,,,2.99925337600756
29,0.3448275862068966,0.5517241379310345,0.10344827586206896,0.4,0.125,0.20689655172413793,rac_interval_cost,0.20689655172413793,0.21724137931034482,3,0.1,,,2.99925337600756
29,0.3448275862068966,0.5862068965517241,0.06896551724137931,0.4,0.17647058823529413,0.2413793103448276,bayes,0.2413793103448276,0.25517241379310346,3,0.2,0.2,1.0,
29,0.3448275862068966,0.5517241379310345,0.10344827586206896,0.4,0.125,0.20689655172413793,risktriage,0.20689655172413793,0.22758620689655173,3,0.2,0.2,1.0,3.4602117537692565
29,0.3448275862068966,0.5517241379310345,0.10344827586206896,0.4,0.125,0.20689655172413793,rac_interval,0.20689655172413793,0.22758620689655173,3,0.2,,,2.99925337600756
29,0.3448275862068966,0.5517241379310345,0.10344827586206896,0.4,0.125,0.20689655172413793,rac_interval_cost,0.20689655172413793,0.22758620689655173,3,0.2,,,2.99925337600756
29,0.41379310344827586,0.5862068965517241,0.0,0.4166666666666667,0.17647058823529413,0.27586206896551724,bayes,0.27586206896551724,0.27586206896551724,3,0.4,0.4,1.0,
29,0.3448275862068966,0.5517241379310345,0.10344827586206896,0.4,0.125,0.20689655172413793,risktriage,0.20689655172413793,0.2482758620689655,3,0.4,0.4,1.0,10.859725360944426
29,0.3448275862068966,0.5517241379310345,0.10344827586206896,0.4,0.125,0.20689655172413793,rac_interval,0.20689655172413793,0.2482758620689655,3,0.4,,,2.99925337600756
29,0.3448275862068966,0.5517241379310345,0.10344827586206896,0.4,0.125,0.20689655172413793,rac_interval_cost,0.20689655172413793,0.2482758620689655,3,0.4,,,2.99925337600756
29,0.41379310344827586,0.5862068965517241,0.0,0.4166666666666667,0.17647058823529413,0.27586206896551724,bayes,0.27586206896551724,0.27586206896551724,3,0.6,0.6,0.0,
29,0.41379310344827586,0.5862068965517241,0.0,0.4166666666666667,0.17647058823529413,0.27586206896551724,risktriage,0.27586206896551724,0.27586206896551724,3,0.6,0.6,0.0,80.36595897075617
29,0.3448275862068966,0.5517241379310345,0.10344827586206896,0.4,0.125,0.20689655172413793,rac_interval,0.20689655172413793,0.2689655172413793,3,0.6,,,2.99925337600756
29,0.41379310344827586,0.5862068965517241,0.0,0.4166666666666667,0.17647058823529413,0.27586206896551724,rac_interval_cost,0.27586206896551724,0.27586206896551724,3,0.6,,,2.99925337600756
29,0.41379310344827586,0.5862068965517241,0.0,0.4166666666666667,0.17647058823529413,0.27586206896551724,bayes,0.27586206896551724,0.27586206896551724,3,0.8,0.8,0.0,
29,0.41379310344827586,0.5862068965517241,0.0,0.4166666666666667,0.17647058823529413,0.27586206896551724,risktriage,0.27586206896551724,0.27586206896551724,3,0.8,0.8,0.0,80.36595897075617
29,0.3448275862068966,0.5517241379310345,0.10344827586206896,0.4,0.125,0.20689655172413793,rac_interval,0.20689655172413793,0.2896551724137931,3,0.8,,,2.99925337600756
29,0.41379310344827586,0.5862068965517241,0.0,0.4166666666666667,0.17647058823529413,0.27586206896551724,rac_interval_cost,0.27586206896551724,0.27586206896551724,3,0.8,,,2.99925337600756
31,0.1935483870967742,0.7096774193548387,0.0967741935483871,0.0,0.13636363636363635,0.0967741935483871,bayes,0.0967741935483871,0.09774193548387097,4,0.01,0.01,1.0,
31,0.1935483870967742,0.8064516129032258,0.0,0.0,0.24,0.1935483870967742,risktriage,0.1935483870967742,0.1935483870967742,4,0.01,0.01,1.0,0.0
31,0.1935483870967742,0.8064516129032258,0.0,0.0,0.24,0.1935483870967742,rac_interval,0.1935483870967742,0.1935483870967742,4,0.01,,,0.0
31,0.1935483870967742,0.8064516129032258,0.0,0.0,0.24,0.1935483870967742,rac_interval_cost,0.1935483870967742,0.1935483870967742,4,0.01,,,0.0
31,0.1935483870967742,0.7096774193548387,0.0967741935483871,0.0,0.13636363636363635,0.0967741935483871,bayes,0.0967741935483871,0.09919354838709676,4,0.025,0.025,1.0,
31,0.1935483870967742,0.8064516129032258,0.0,0.0,0.24,0.1935483870967742,risktriage,0.1935483870967742,0.1935483870967742,4,0.025,0.025,1.0,0.0
31,0.1935483870967742,0.8064516129032258,0.0,0.0,0.24,0.1935483870967742,rac_interval,0.1935483870967742,0.1935483870967742,4,0.025,,,0.0
31,0.1935483870967742,0.8064516129032258,0.0,0.0,0.24,0.1935483870967742,rac_interval_cost,0.1935483870967742,0.1935483870967742,4,0.025,,,0.0
31,0.1935483870967742,0.7096774193548387,0.0967741935483871,0.0,0.13636363636363635,0.0967741935483871,bayes,0.0967741935483871,0.10161290322580646,4,0.05,0.05,1.0,
31,0.1935483870967742,0.8064516129032258,0.0,0.0,0.24,0.1935483870967742,risktriage,0.1935483870967742,0.1935483870967742,4,0.05,0.05,1.0,0.0
31,0.1935483870967742,0.8064516129032258,0.0,0.0,0.24,0.1935483870967742,rac_interval,0.1935483870967742,0.1935483870967742,4,0.05,,,0.0
31,0.1935483870967742,0.8064516129032258,0.0,0.0,0.24,0.1935483870967742,rac_interval_cost,0.1935483870967742,0.1935483870967742,4,0.05,,,0.0
31,0.1935483870967742,0.7096774193548387,0.0967741935483871,0.0,0.13636363636363635,0.0967741935483871,bayes,0.0967741935483871,0.10645161290322581,4,0.1,0.1,1.0,
31,0.1935483870967742,0.8064516129032258,0.0,0.0,0.24,0.1935483870967742,risktriage,0.1935483870967742,0.1935483870967742,4,0.1,0.1,1.0,0.0
31,0.1935483870967742,0.8064516129032258,0.0,0.0,0.24,0.1935483870967742,rac_interval,0.1935483870967742,0.1935483870967742,4,0.1,,,0.0
31,0.1935483870967742,0.8064516129032258,0.0,0.0,0.24,0.1935483870967742,rac_interval_cost,0.1935483870967742,0.1935483870967742,4,0.1,,,0.0
31,0.1935483870967742,0.7419354838709677,0.06451612903225806,0.0,0.17391304347826086,0.12903225806451613,bayes,0.12903225806451613,0.14193548387096774,4,0.2,0.2,1.0,
31,0.1935483870967742,0.8064516129032258,0.0,0.0,0.24,0.1935483870967742,risktriage,0.1935483870967742,0.1935483870967742,4,0.2,0.2,1.0,0.0
31,0.1935483870967742,0.8064516129032258,0.0,0.0,0.24,0.1935483870967742,rac_interval,0.1935483870967742,0.1935483870967742,4,0.2,,,0.0
31,0.1935483870967742,0.8064516129032258,0.0,0.0,0.24,0.1935483870967742,rac_interval_cost,0.1935483870967742,0.1935483870967742,4,0.2,,,0.0
31,0.1935483870967742,0.8064516129032258,0.0,0.0,0.24,0.1935483870967742,bayes,0.1935483870967742,0.1935483870967742,4,0.4,0.4,1.0,
31,0.1935483870967742,0.8064516129032258,0.0,0.0,0.24,0.1935483870967742,risktriage,0.1935483870967742,0.1935483870967742,4,0.4,0.4,1.0,0.0
31,0.1935483870967742,0.8064516129032258,0.0,0.0,0.24,0.1935483870967742,rac_interval,0.1935483870967742,0.1935483870967742,4,0.4,,,0.0
31,0.1935483870967742,0.8064516129032258,0.0,0.0,0.24,0.1935483870967742,rac_interval_cost,0.1935483870967742,0.1935483870967742,4,0.4,,,0.0
31,0.1935483870967742,0.8064516129032258,0.0,0.0,0.24,0.1935483870967742,bayes,0.1935483870967742,0.1935483870967742,4,0.6,0.6,0.0,
31,0.1935483870967742,0.8064516129032258,0.0,0.0,0.24,0.1935483870967742,risktriage,0.1935483870967742,0.1935483870967742,4,0.6,0.6,0.0,0.0
31,0.1935483870967742,0.8064516129032258,0.0,0.0,0.24,0.1935483870967742,rac_interval,0.1935483870967742,0.1935483870967742,4,0.6,,,0.0
31,0.1935483870967742,0.8064516129032258,0.0,0.0,0.24,0.1935483870967742,rac_interval_cost,0.1935483870967742,0.1935483870967742,4,0.6,,,0.0
31,0.1935483870967742,0.8064516129032258,0.0,0.0,0.24,0.1935483870967742,bayes,0.1935483870967742,0.1935483870967742,4,0.8,0.8,0.0,
31,0.1935483870967742,0.8064516129032258,0.0,0.0,0.24,0.1935483870967742,risktriage,0.1935483870967742,0.1935483870967742,4,0.8,0.8,0.0,0.0
31,0.1935483870967742,0.8064516129032258,0.0,0.0,0.24,0.1935483870967742,rac_interval,0.1935483870967742,0.1935483870967742,4,0.8,,,0.0
31,0.1935483870967742,0.8064516129032258,0.0,0.0,0.24,0.1935483870967742,rac_interval_cost,0.1935483870967742,0.1935483870967742,4,0.8,,,0.0
29,0.1724137931034483,0.7586206896551724,0.06896551724137931,0.0,0.045454545454545456,0.034482758620689655,bayes,0.034482758620689655,0.03517241379310345,5,0.01,0.01,1.0,
29,0.1724137931034483,0.7931034482758621,0.034482758620689655,0.0,0.043478260869565216,0.034482758620689655,risktriage,0.034482758620689655,0.03482758620689655,5,0.01,0.01,1.0,0.3212097401609054
29,0.1724137931034483,0.7931034482758621,0.034482758620689655,0.0,0.043478260869565216,0.034482758620689655,rac_interval,0.034482758620689655,0.03482758620689655,5,0.01,,,0.7634964322689143
29,0.1724137931034483,0.7931034482758621,0.034482758620689655,0.0,0.043478260869565216,0.034482758620689655,rac_interval_cost,0.034482758620689655,0.03482758620689655,5,0.01,,,0.7634964322689143
29,0.1724137931034483,0.7931034482758621,0.034482758620689655,0.0,0.043478260869565216,0.034482758620689655,bayes,0.034482758620689655,0.03534482758620689,5,0.025,0.025,1.0,
29,0.1724137931034483,0.7931034482758621,0.034482758620689655,0.0,0.043478260869565216,0.034482758620689655,risktriage,0.034482758620689655,0.03534482758620689,5,0.025,0.025,1.0,0.37107220397386054
29,0.1724137931034483,0.7931034482758621,0.034482758620689655,0.0,0.043478260869565216,0.034482758620689655,rac_interval,0.034482758620689655,0.03534482758620689,5,0.025,,,0.7634964322689143
29,0.1724137931034483,0.7931034482758621,0.034482758620689655,0.0,0.043478260869565216,0.034482758620689655,rac_interval_cost,0.034482758620689655,0.03534482758620689,5,0.025,,,0.7634964322689143
29,0.1724137931034483,0.7931034482758621,0.034482758620689655,0.0,0.043478260869565216,0.034482758620689655,bayes,0.034482758620689655,0.03620689655172414,5,0.05,0.05,1.0,
29,0.1724137931034483,0.7931034482758621,0.034482758620689655,0.0,0.043478260869565216,0.034482758620689655,risktriage,0.034482758620689655,0.03620689655172414,5,0.05,0.05,1.0,0.4952196387693811
29,0.1724137931034483,0.7931034482758621,0.034482758620689655,0.0,0.043478260869565216,0.034482758620689655,rac_interval,0.034482758620689655,0.03620689655172414,5,0.05,,,0.7634964322689143
29,0.1724137931034483,0.7931034482758621,0.034482758620689655,0.0,0.043478260869565216,0.034482758620689655,rac_interval_cost,0.034482758620689655,0.03620689655172414,5,0.05,,,0.7634964322689143
29,0.1724137931034483,0.7931034482758621,0.034482758620689655,0.0,0.043478260869565216,0.034482758620689655,bayes,0.034482758620689655,0.03793103448275863,5,0.1,0.1,1.0,
29,0.1724137931034483,0.7931034482758621,0.034482758620689655,0.0,0.043478260869565216,0.034482758620689655,risktriage,0.034482758620689655,0.03793103448275863,5,0.1,0.1,1.0,0.5720942419655153
29,0.1724137931034483,0.7931034482758621,0.034482758620689655,0.0,0.043478260869565216,0.034482758620689655,rac_interval,0.034482758620689655,0.03793103448275863,5,0.1,,,0.7634964322689143
29,0.1724137931034483,0.7931034482758621,0.034482758620689655,0.0,0.043478260869565216,0.034482758620689655,rac_interval_cost,0.034482758620689655,0.03793103448275863,5,0.1,,,0.7634964322689143
29,0.1724137931034483,0.7931034482758621,0.034482758620689655,0.0,0.043478260869565216,0.034482758620689655,bayes,0.034482758620689655,0.041379310344827586,5,0.2,0.2,1.0,
29,0.1724137931034483,0.7931034482758621,0.034482758620689655,0.0,0.043478260869565216,0.034482758620689655,risktriage,0.034482758620689655,0.041379310344827586,5,0.2,0.2,1.0,0.8820165406761454
29,0.1724137931034483,0.7931034482758621,0.034482758620689655,0.0,0.043478260869565216,0.034482758620689655,rac_interval,0.034482758620689655,0.041379310344827586,5,0.2,,,0.7634964322689143
29,0.1724137931034483,0.7931034482758621,0.034482758620689655,0.0,0.043478260869565216,0.034482758620689655,rac_interval_cost,0.034482758620689655,0.041379310344827586,5,0.2,,,0.7634964322689143
29,0.1724137931034483,0.8275862068965517,0.0,0.0,0.08333333333333333,0.06896551724137931,bayes,0.06896551724137931,0.06896551724137931,5,0.4,0.4,1.0,
29,0.1724137931034483,0.7931034482758621,0.034482758620689655,0.0,0.043478260869565216,0.034482758620689655,risktriage,0.034482758620689655,0.04827586206896552,5,0.4,0.4,1.0,3.2322443762931536
29,0.1724137931034483,0.7931034482758621,0.034482758620689655,0.0,0.043478260869565216,0.034482758620689655,rac_interval,0.034482758620689655,0.04827586206896552,5,0.4,,,0.7634964322689143
29,0.1724137931034483,0.7931034482758621,0.034482758620689655,0.0,0.043478260869565216,0.034482758620689655,rac_interval_cost,0.034482758620689655,0.04827586206896552,5,0.4,,,0.7634964322689143
29,0.1724137931034483,0.8275862068965517,0.0,0.0,0.08333333333333333,0.06896551724137931,bayes,0.06896551724137931,0.06896551724137931,5,0.6,0.6,0.0,
29,0.1724137931034483,0.8275862068965517,0.0,0.0,0.08333333333333333,0.06896551724137931,risktriage,0.06896551724137931,0.06896551724137931,5,0.6,0.6,0.0,89.31156396341474
29,0.1724137931034483,0.7931034482758621,0.034482758620689655,0.0,0.043478260869565216,0.034482758620689655,rac_interval,0.034482758620689655,0.055172413793103454,5,0.6,,,0.7634964322689143
29,0.1724137931034483,0.8275862068965517,0.0,0.0,0.08333333333333333,0.06896551724137931,rac_interval_cost,0.06896551724137931,0.06896551724137931,5,0.6,,,0.7634964322689143
29,0.1724137931034483,0.8275862068965517,0.0,0.0,0.08333333333333333,0.06896551724137931,bayes,0.06896551724137931,0.06896551724137931,5,0.8,0.8,0.0,
29,0.1724137931034483,0.8275862068965517,0.0,0.0,0.08333333333333333,0.06896551724137931,risktriage,0.06896551724137931,0.06896551724137931,5,0.8,0.8,0.0,89.31156396341474
29,0.1724137931034483,0.7931034482758621,0.034482758620689655,0.0,0.043478260869565216,0.034482758620689655,rac_interval,0.034482758620689655,0.06206896551724138,5,0.8,,,0.7634964322689143
29,0.1724137931034483,0.8275862068965517,0.0,0.0,0.08333333333333333,0.06896551724137931,rac_interval_cost,0.06896551724137931,0.06896551724137931,5,0.8,,,0.7634964322689143
31,0.25806451612903225,0.7096774193548387,0.03225806451612903,0.125,0.18181818181818182,0.16129032258064516,bayes,0.16129032258064516,0.16161290322580643,6,0.01,0.01,1.0,
31,0.25806451612903225,0.7419354838709677,0.0,0.125,0.17391304347826086,0.16129032258064516,risktriage,0.16129032258064516,0.16129032258064516,6,0.01,0.01,1.0,0.0
31,0.25806451612903225,0.7419354838709677,0.0,0.125,0.17391304347826086,0.16129032258064516,rac_interval,0.16129032258064516,0.16129032258064516,6,0.01,,,0.0
31,0.25806451612903225,0.7419354838709677,0.0,0.125,0.17391304347826086,0.16129032258064516,rac_interval_cost,0.16129032258064516,0.16129032258064516,6,0.01,,,0.0
31,0.25806451612903225,0.7096774193548387,0.03225806451612903,0.125,0.18181818181818182,0.16129032258064516,bayes,0.16129032258064516,0.1620967741935484,6,0.025,0.025,1.0,
31,0.25806451612903225,0.7419354838709677,0.0,0.125,0.17391304347826086,0.16129032258064516,risktriage,0.16129032258064516,0.16129032258064516,6,0.025,0.025,1.0,0.0
31,0.25806451612903225,0.7419354838709677,0.0,0.125,0.17391304347826086,0.16129032258064516,rac_interval,0.16129032258064516,0.16129032258064516,6,0.025,,,0.0
31,0.25806451612903225,0.7419354838709677,0.0,0.125,0.17391304347826086,0.16129032258064516,rac_interval_cost,0.16129032258064516,0.16129032258064516,6,0.025,,,0.0
31,0.25806451612903225,0.7419354838709677,0.0,0.125,0.17391304347826086,0.16129032258064516,bayes,0.16129032258064516,0.16129032258064516,6,0.05,0.05,1.0,
31,0.25806451612903225,0.7419354838709677,0.0,0.125,0.17391304347826086,0.16129032258064516,risktriage,0.16129032258064516,0.16129032258064516,6,0.05,0.05,1.0,0.0
31,0.25806451612903225,0.7419354838709677,0.0,0.125,0.17391304347826086,0.16129032258064516,rac_interval,0.16129032258064516,0.16129032258064516,6,0.05,,,0.0
31,0.25806451612903225,0.7419354838709677,0.0,0.125,0.17391304347826086,0.16129032258064516,rac_interval_cost,0.16129032258064516,0.16129032258064516,6,0.05,,,0.0
31,0.25806451612903225,0.7419354838709677,0.0,0.125,0.17391304347826086,0.16129032258064516,bayes,0.16129032258064516,0.16129032258064516,6,0.1,0.1,1.0,
31,0.25806451612903225,0.7419354838709677,0.0,0.125,0.17391304347826086,0.16129032258064516,risktriage,0.16129032258064516,0.16129032258064516,6,0.1,0.1,1.0,0.0
31,0.25806451612903225,0.7419354838709677,0.0,0.125,0.17391304347826086,0.16129032258064516,rac_interval,0.16129032258064516,0.16129032258064516,6,0.1,,,0.0
31,0.25806451612903225,0.7419354838709677,0.0,0.125,0.17391304347826086,0.16129032258064516,rac_interval_cost,0.16129032258064516,0.16129032258064516,6,0.1,,,0.0
31,0.25806451612903225,0.7419354838709677,0.0,0.125,0.17391304347826086,0.16129032258064516,bayes,0.16129032258064516,0.16129032258064516,6,0.2,0.2,1.0,
31,0.25806451612903225,0.7419354838709677,0.0,0.125,0.17391304347826086,0.16129032258064516,risktriage,0.16129032258064516,0.16129032258064516,6,0.2,0.2,1.0,0.0
31,0.25806451612903225,0.7419354838709677,0.0,0.125,0.17391304347826086,0.16129032258064516,rac_interval,0.16129032258064516,0.16129032258064516,6,0.2,,,0.0
31,0.25806451612903225,0.7419354838709677,0.0,0.125,0.17391304347826086,0.16129032258064516,rac_interval_cost,0.16129032258064516,0.16129032258064516,6,0.2,,,0.0
31,0.25806451612903225,0.7419354838709677,0.0,0.125,0.17391304347826086,0.16129032258064516,bayes,0.16129032258064516,0.16129032258064516,6,0.4,0.4,1.0,
31,0.25806451612903225,0.7419354838709677,0.0,0.125,0.17391304347826086,0.16129032258064516,risktriage,0.16129032258064516,0.16129032258064516,6,0.4,0.4,1.0,0.0
31,0.25806451612903225,0.7419354838709677,0.0,0.125,0.17391304347826086,0.16129032258064516,rac_interval,0.16129032258064516,0.16129032258064516,6,0.4,,,0.0
31,0.25806451612903225,0.7419354838709677,0.0,0.125,0.17391304347826086,0.16129032258064516,rac_interval_cost,0.16129032258064516,0.16129032258064516,6,0.4,,,0.0
31,0.25806451612903225,0.7419354838709677,0.0,0.125,0.17391304347826086,0.16129032258064516,bayes,0.16129032258064516,0.16129032258064516,6,0.6,0.6,0.0,
31,0.25806451612903225,0.7419354838709677,0.0,0.125,0.17391304347826086,0.16129032258064516,risktriage,0.16129032258064516,0.16129032258064516,6,0.6,0.6,0.0,0.0
31,0.25806451612903225,0.7419354838709677,0.0,0.125,0.17391304347826086,0.16129032258064516,rac_interval,0.16129032258064516,0.16129032258064516,6,0.6,,,0.0
31,0.25806451612903225,0.7419354838709677,0.0,0.125,0.17391304347826086,0.16129032258064516,rac_interval_cost,0.16129032258064516,0.16129032258064516,6,0.6,,,0.0
31,0.25806451612903225,0.7419354838709677,0.0,0.125,0.17391304347826086,0.16129032258064516,bayes,0.16129032258064516,0.16129032258064516,6,0.8,0.8,0.0,
31,0.25806451612903225,0.7419354838709677,0.0,0.125,0.17391304347826086,0.16129032258064516,risktriage,0.16129032258064516,0.16129032258064516,6,0.8,0.8,0.0,0.0
31,0.25806451612903225,0.7419354838709677,0.0,0.125,0.17391304347826086,0.16129032258064516,rac_interval,0.16129032258064516,0.16129032258064516,6,0.8,,,0.0
31,0.25806451612903225,0.7419354838709677,0.0,0.125,0.17391304347826086,0.16129032258064516,rac_interval_cost,0.16129032258064516,0.16129032258064516,6,0.8,,,0.0
32,0.125,0.8125,0.0625,0.25,0.07692307692307693,0.09375,bayes,0.09375,0.094375,7,0.01,0.01,1.0,
32,0.1875,0.8125,0.0,0.3333333333333333,0.07692307692307693,0.125,risktriage,0.125,0.125,7,0.01,0.01,1.0,0.0
32,0.1875,0.8125,0.0,0.3333333333333333,0.07692307692307693,0.125,rac_interval,0.125,0.125,7,0.01,,,0.0
32,0.1875,0.8125,0.0,0.3333333333333333,0.07692307692307693,0.125,rac_interval_cost,0.125,0.125,7,0.01,,,0.0
32,0.125,0.8125,0.0625,0.25,0.07692307692307693,0.09375,bayes,0.09375,0.0953125,7,0.025,0.025,1.0,
32,0.1875,0.8125,0.0,0.3333333333333333,0.07692307692307693,0.125,risktriage,0.125,0.125,7,0.025,0.025,1.0,0.0
32,0.1875,0.8125,0.0,0.3333333333333333,0.07692307692307693,0.125,rac_interval,0.125,0.125,7,0.025,,,0.0
32,0.1875,0.8125,0.0,0.3333333333333333,0.07692307692307693,0.125,rac_interval_cost,0.125,0.125,7,0.025,,,0.0
32,0.125,0.8125,0.0625,0.25,0.07692307692307693,0.09375,bayes,0.09375,0.096875,7,0.05,0.05,1.0,
32,0.1875,0.8125,0.0,0.3333333333333333,0.07692307692307693,0.125,risktriage,0.125,0.125,7,0.05,0.05,1.0,0.0
32,0.1875,0.8125,0.0,0.3333333333333333,0.07692307692307693,0.125,rac_interval,0.125,0.125,7,0.05,,,0.0
32,0.1875,0.8125,0.0,0.3333333333333333,0.07692307692307693,0.125,rac_interval_cost,0.125,0.125,7,0.05,,,0.0
32,0.15625,0.8125,0.03125,0.4,0.07692307692307693,0.125,bayes,0.125,0.128125,7,0.1,0.1,1.0,
32,0.1875,0.8125,0.0,0.3333333333333333,0.07692307692307693,0.125,risktriage,0.125,0.125,7,0.1,0.1,1.0,0.0
32,0.1875,0.8125,0.0,0.3333333333333333,0.07692307692307693,0.125,rac_interval,0.125,0.125,7,0.1,,,0.0
32,0.1875,0.8125,0.0,0.3333333333333333,0.07692307692307693,0.125,rac_interval_cost,0.125,0.125,7,0.1,,,0.0
32,0.15625,0.8125,0.03125,0.4,0.07692307692307693,0.125,bayes,0.125,0.13125,7,0.2,0.2,1.0,
32,0.1875,0.8125,0.0,0.3333333333333333,0.07692307692307693,0.125,risktriage,0.125,0.125,7,0.2,0.2,1.0,0.0
32,0.1875,0.8125,0.0,0.3333333333333333,0.07692307692307693,0.125,rac_interval,0.125,0.125,7,0.2,,,0.0
32,0.1875,0.8125,0.0,0.3333333333333333,0.07692307692307693,0.125,rac_interval_cost,0.125,0.125,7,0.2,,,0.0
32,0.1875,0.8125,0.0,0.3333333333333333,0.07692307692307693,0.125,bayes,0.125,0.125,7,0.4,0.4,1.0,
32,0.1875,0.8125,0.0,0.3333333333333333,0.07692307692307693,0.125,risktriage,0.125,0.125,7,0.4,0.4,1.0,0.0
32,0.1875,0.8125,0.0,0.3333333333333333,0.07692307692307693,0.125,rac_interval,0.125,0.125,7,0.4,,,0.0
32,0.1875,0.8125,0.0,0.3333333333333333,0.07692307692307693,0.125,rac_interval_cost,0.125,0.125,7,0.4,,,0.0
32,0.1875,0.8125,0.0,0.3333333333333333,0.07692307692307693,0.125,bayes,0.125,0.125,7,0.6,0.6,0.0,
32,0.1875,0.8125,0.0,0.3333333333333333,0.07692307692307693,0.125,risktriage,0.125,0.125,7,0.6,0.6,0.0,0.0
32,0.1875,0.8125,0.0,0.3333333333333333,0.07692307692307693,0.125,rac_interval,0.125,0.125,7,0.6,,,0.0
32,0.1875,0.8125,0.0,0.3333333333333333,0.07692307692307693,0.125,rac_interval_cost,0.125,0.125,7,0.6,,,0.0
32,0.1875,0.8125,0.0,0.3333333333333333,0.07692307692307693,0.125,bayes,0.125,0.125,7,0.8,0.8,0.0,
32,0.1875,0.8125,0.0,0.3333333333333333,0.07692307692307693,0.125,risktriage,0.125,0.125,7,0.8,0.8,0.0,0.0
32,0.1875,0.8125,0.0,0.3333333333333333,0.07692307692307693,0.125,rac_interval,0.125,0.125,7,0.8,,,0.0
32,0.1875,0.8125,0.0,0.3333333333333333,0.07692307692307693,0.125,rac_interval_cost,0.125,0.125,7,0.8,,,0.0
30,0.2,0.7333333333333333,0.06666666666666667,0.16666666666666666,0.09090909090909091,0.1,bayes,0.1,0.10066666666666667,8,0.01,0.01,1.0,
30,0.2,0.6666666666666666,0.13333333333333333,0.16666666666666666,0.05,0.06666666666666667,risktriage,0.06666666666666667,0.068,8,0.01,0.01,1.0,1.6626368652264674
30,0.2,0.6333333333333333,0.16666666666666666,0.16666666666666666,0.0,0.03333333333333333,rac_interval,0.03333333333333333,0.035,8,0.01,,,3.9784577251063045
30,0.2,0.6333333333333333,0.16666666666666666,0.16666666666666666,0.0,0.03333333333333333,rac_interval_cost,0.03333333333333333,0.035,8,0.01,,,3.9784577251063045
30,0.2,0.7666666666666667,0.03333333333333333,0.16666666666666666,0.08695652173913043,0.1,bayes,0.1,0.10083333333333333,8,0.025,0.025,1.0,
30,0.2,0.6666666666666666,0.13333333333333333,0.16666666666666666,0.05,0.06666666666666667,risktriage,0.06666666666666667,0.06999999999999999,8,0.025,0.025,1.0,1.9228716484693191
30,0.2,0.6333333333333333,0.16666666666666666,0.16666666666666666,0.0,0.03333333333333333,rac_interval,0.03333333333333333,0.03749999999999999,8,0.025,,,3.9784577251063045
30,0.2,0.6333333333333333,0.16666666666666666,0.16666666666666666,0.0,0.03333333333333333,rac_interval_cost,0.03333333333333333,0.03749999999999999,8,0.025,,,3.9784577251063045
30,0.2,0.7666666666666667,0.03333333333333333,0.16666666666666666,0.08695652173913043,0.1,bayes,0.1,0.10166666666666666,8,0.05,0.05,1.0,
30,0.2,0.6666666666666666,0.13333333333333333,0.16666666666666666,0.05,0.06666666666666667,risktriage,0.06666666666666667,0.07333333333333333,8,0.05,0.05,1.0,2.2238382017251173
30,0.2,0.6333333333333333,0.16666666666666666,0.16666666666666666,0.0,0.03333333333333333,rac_interval,0.03333333333333333,0.04166666666666667,8,0.05,,,3.9784577251063045
30,0.2,0.6333333333333333,0.16666666666666666,0.16666666666666666,0.0,0.03333333333333333,rac_interval_cost,0.03333333333333333,0.04166666666666667,8,0.05,,,3.9784577251063045
30,0.2,0.7666666666666667,0.03333333333333333,0.16666666666666666,0.08695652173913043,0.1,bayes,0.1,0.10333333333333333,8,0.1,0.1,1.0,
30,0.2,0.6666666666666666,0.13333333333333333,0.16666666666666666,0.05,0.06666666666666667,risktriage,0.06666666666666667,0.08000000000000002,8,0.1,0.1,1.0,2.9744657121977074
30,0.2,0.6333333333333333,0.16666666666666666,0.16666666666666666,0.0,0.03333333333333333,rac_interval,0.03333333333333333,0.05000000000000001,8,0.1,,,3.9784577251063045
30,0.2,0.6333333333333333,0.16666666666666666,0.16666666666666666,0.0,0.03333333333333333,rac_interval_cost,0.03333333333333333,0.05000000000000001,8,0.1,,,3.9784577251063045
30,0.2,0.7666666666666667,0.03333333333333333,0.16666666666666666,0.08695652173913043,0.1,bayes,0.1,0.10666666666666667,8,0.2,0.2,1.0,
30,0.2,0.6666666666666666,0.13333333333333333,0.16666666666666666,0.05,0.06666666666666667,risktriage,0.06666666666666667,0.09333333333333332,8,0.2,0.2,1.0,4.601163203005632
30,0.2,0.6333333333333333,0.16666666666666666,0.16666666666666666,0.0,0.03333333333333333,rac_interval,0.03333333333333333,0.06666666666666667,8,0.2,,,3.9784577251063045
30,0.2,0.6333333333333333,0.16666666666666666,0.16666666666666666,0.0,0.03333333333333333,rac_interval_cost,0.03333333333333333,0.06666666666666667,8,0.2,,,3.9784577251063045
30,0.2,0.7666666666666667,0.03333333333333333,0.16666666666666666,0.08695652173913043,0.1,bayes,0.1,0.11333333333333333,8,0.4,0.4,1.0,
30,0.2,0.6666666666666666,0.13333333333333333,0.16666666666666666,0.05,0.06666666666666667,risktriage,0.06666666666666667,0.12000000000000001,8,0.4,0.4,1.0,14.726202237173789
30,0.2,0.6333333333333333,0.16666666666666666,0.16666666666666666,0.0,0.03333333333333333,rac_interval,0.03333333333333333,0.1,8,0.4,,,3.9784577251063045
30,0.2,0.6333333333333333,0.16666666666666666,0.16666666666666666,0.0,0.03333333333333333,rac_interval_cost,0.03333333333333333,0.1,8,0.4,,,3.9784577251063045
30,0.23333333333333334,0.7666666666666667,0.0,0.2857142857142857,0.08695652173913043,0.13333333333333333,bayes,0.13333333333333333,0.13333333333333333,8,0.6,0.6,0.0,
30,0.23333333333333334,0.7666666666666667,0.0,0.2857142857142857,0.08695652173913043,0.13333333333333333,risktriage,0.13333333333333333,0.13333333333333333,8,0.6,0.6,0.0,97.51655141184034
30,0.2,0.6333333333333333,0.16666666666666666,0.16666666666666666,0.0,0.03333333333333333,rac_interval,0.03333333333333333,0.13333333333333333,8,0.6,,,3.9784577251063045
30,0.23333333333333334,0.7666666666666667,0.0,0.2857142857142857,0.08695652173913043,0.13333333333333333,rac_interval_cost,0.13333333333333333,0.13333333333333333,8,0.6,,,3.9784577251063045
30,0.23333333333333334,0.7666666666666667,0.0,0.2857142857142857,0.08695652173913043,0.13333333333333333,bayes,0.13333333333333333,0.13333333333333333,8,0.8,0.8,0.0,
30,0.23333333333333334,0.7666666666666667,0.0,0.2857142857142857,0.08695652173913043,0.13333333333333333,risktriage,0.13333333333333333,0.13333333333333333,8,0.8,0.8,0.0,97.51655141184034
30,0.2,0.6333333333333333,0.16666666666666666,0.16666666666666666,0.0,0.03333333333333333,rac_interval,0.03333333333333333,0.16666666666666666,8,0.8,,,3.9784577251063045
30,0.23333333333333334,0.7666666666666667,0.0,0.2857142857142857,0.08695652173913043,0.13333333333333333,rac_interval_cost,0.13333333333333333,0.13333333333333333,8,0.8,,,3.9784577251063045
31,0.3225806451612903,0.6774193548387096,0.0,0.2,0.23809523809523808,0.22580645161290322,bayes,0.22580645161290322,0.22580645161290322,9,0.01,0.01,1.0,
31,0.3225806451612903,0.6774193548387096,0.0,0.2,0.23809523809523808,0.22580645161290322,risktriage,0.22580645161290322,0.22580645161290322,9,0.01,0.01,1.0,0.0
31,0.3225806451612903,0.6774193548387096,0.0,0.2,0.23809523809523808,0.22580645161290322,rac_interval,0.22580645161290322,0.22580645161290322,9,0.01,,,0.0
31,0.3225806451612903,0.6774193548387096,0.0,0.2,0.23809523809523808,0.22580645161290322,rac_interval_cost,0.22580645161290322,0.22580645161290322,9,0.01,,,0.0
31,0.3225806451612903,0.6774193548387096,0.0,0.2,0.23809523809523808,0.22580645161290322,bayes,0.22580645161290322,0.22580645161290322,9,0.025,0.025,1.0,
31,0.3225806451612903,0.6774193548387096,0.0,0.2,0.23809523809523808,0.22580645161290322,risktriage,0.22580645161290322,0.22580645161290322,9,0.025,0.025,1.0,0.0
31,0.3225806451612903,0.6774193548387096,0.0,0.2,0.23809523809523808,0.22580645161290322,rac_interval,0.22580645161290322,0.22580645161290322,9,0.025,,,0.0
31,0.3225806451612903,0.6774193548387096,0.0,0.2,0.23809523809523808,0.22580645161290322,rac_interval_cost,0.22580645161290322,0.22580645161290322,9,0.025,,,0.0
31,0.3225806451612903,0.6774193548387096,0.0,0.2,0.23809523809523808,0.22580645161290322,bayes,0.22580645161290322,0.22580645161290322,9,0.05,0.05,1.0,
31,0.3225806451612903,0.6774193548387096,0.0,0.2,0.23809523809523808,0.22580645161290322,risktriage,0.22580645161290322,0.22580645161290322,9,0.05,0.05,1.0,0.0
31,0.3225806451612903,0.6774193548387096,0.0,0.2,0.23809523809523808,0.22580645161290322,rac_interval,0.22580645161290322,0.22580645161290322,9,0.05,,,0.0
31,0.3225806451612903,0.6774193548387096,0.0,0.2,0.23809523809523808,0.22580645161290322,rac_interval_cost,0.22580645161290322,0.22580645161290322,9,0.05,,,0.0
31,0.3225806451612903,0.6774193548387096,0.0,0.2,0.23809523809523808,0.22580645161290322,bayes,0.22580645161290322,0.22580645161290322,9,0.1,0.1,1.0,
31,0.3225806451612903,0.6774193548387096,0.0,0.2,0.23809523809523808,0.22580645161290322,risktriage,0.22580645161290322,0.22580645161290322,9,0.1,0.1,1.0,0.0
31,0.3225806451612903,0.6774193548387096,0.0,0.2,0.23809523809523808,0.22580645161290322,rac_interval,0.22580645161290322,0.22580645161290322,9,0.1,,,0.0
31,0.3225806451612903,0.6774193548387096,0.0,0.2,0.23809523809523808,0.22580645161290322,rac_interval_cost,0.22580645161290322,0.22580645161290322,9,0.1,,,0.0
31,0.3225806451612903,0.6774193548387096,0.0,0.2,0.23809523809523808,0.22580645161290322,bayes,0.22580645161290322,0.22580645161290322,9,0.2,0.2,1.0,
31,0.3225806451612903,0.6774193548387096,0.0,0.2,0.23809523809523808,0.22580645161290322,risktriage,0.22580645161290322,0.22580645161290322,9,0.2,0.2,1.0,0.0
31,0.3225806451612903,0.6774193548387096,0.0,0.2,0.23809523809523808,0.22580645161290322,rac_interval,0.22580645161290322,0.22580645161290322,9,0.2,,,0.0
31,0.3225806451612903,0.6774193548387096,0.0,0.2,0.23809523809523808,0.22580645161290322,rac_interval_cost,0.22580645161290322,0.22580645161290322,9,0.2,,,0.0
31,0.3225806451612903,0.6774193548387096,0.0,0.2,0.23809523809523808,0.22580645161290322,bayes,0.22580645161290322,0.22580645161290322,9,0.4,0.4,1.0,
31,0.3225806451612903,0.6774193548387096,0.0,0.2,0.23809523809523808,0.22580645161290322,risktriage,0.22580645161290322,0.22580645161290322,9,0.4,0.4,1.0,0.0
31,0.3225806451612903,0.6774193548387096,0.0,0.2,0.23809523809523808,0.22580645161290322,rac_interval,0.22580645161290322,0.22580645161290322,9,0.4,,,0.0
31,0.3225806451612903,0.6774193548387096,0.0,0.2,0.23809523809523808,0.22580645161290322,rac_interval_cost,0.22580645161290322,0.22580645161290322,9,0.4,,,0.0
31,0.3225806451612903,0.6774193548387096,0.0,0.2,0.23809523809523808,0.22580645161290322,bayes,0.22580645161290322,0.22580645161290322,9,0.6,0.6,0.0,
31,0.3225806451612903,0.6774193548387096,0.0,0.2,0.23809523809523808,0.22580645161290322,risktriage,0.22580645161290322,0.22580645161290322,9,0.6,0.6,0.0,0.0
31,0.3225806451612903,0.6774193548387096,0.0,0.2,0.23809523809523808,0.22580645161290322,rac_interval,0.22580645161290322,0.22580645161290322,9,0.6,,,0.0
31,0.3225806451612903,0.6774193548387096,0.0,0.2,0.23809523809523808,0.22580645161290322,rac_interval_cost,0.22580645161290322,0.22580645161290322,9,0.6,,,0.0
31,0.3225806451612903,0.6774193548387096,0.0,0.2,0.23809523809523808,0.22580645161290322,bayes,0.22580645161290322,0.22580645161290322,9,0.8,0.8,0.0,
31,0.3225806451612903,0.6774193548387096,0.0,0.2,0.23809523809523808,0.22580645161290322,risktriage,0.22580645161290322,0.22580645161290322,9,0.8,0.8,0.0,0.0
31,0.3225806451612903,0.6774193548387096,0.0,0.2,0.23809523809523808,0.22580645161290322,rac_interval,0.22580645161290322,0.22580645161290322,9,0.8,,,0.0
31,0.3225806451612903,0.6774193548387096,0.0,0.2,0.23809523809523808,0.22580645161290322,rac_interval_cost,0.22580645161290322,0.22580645161290322,9,0.8,,,0.0
30,0.0,0.9666666666666667,0.03333333333333333,,0.034482758620689655,0.03333333333333333,bayes,0.03333333333333333,0.033666666666666664,10,0.01,0.01,1.0,
30,0.0,1.0,0.0,,0.06666666666666667,0.06666666666666667,risktriage,0.06666666666666667,0.06666666666666667,10,0.01,0.01,1.0,0.0
30,0.0,1.0,0.0,,0.06666666666666667,0.06666666666666667,rac_interval,0.06666666666666667,0.06666666666666667,10,0.01,,,0.0
30,0.0,1.0,0.0,,0.06666666666666667,0.06666666666666667,rac_interval_cost,0.06666666666666667,0.06666666666666667,10,0.01,,,0.0
30,0.0,0.9666666666666667,0.03333333333333333,,0.034482758620689655,0.03333333333333333,bayes,0.03333333333333333,0.034166666666666665,10,0.025,0.025,1.0,
30,0.0,1.0,0.0,,0.06666666666666667,0.06666666666666667,risktriage,0.06666666666666667,0.06666666666666667,10,0.025,0.025,1.0,0.0
30,0.0,1.0,0.0,,0.06666666666666667,0.06666666666666667,rac_interval,0.06666666666666667,0.06666666666666667,10,0.025,,,0.0
30,0.0,1.0,0.0,,0.06666666666666667,0.06666666666666667,rac_interval_cost,0.06666666666666667,0.06666666666666667,10,0.025,,,0.0
30,0.0,0.9666666666666667,0.03333333333333333,,0.034482758620689655,0.03333333333333333,bayes,0.03333333333333333,0.035,10,0.05,0.05,1.0,
30,0.0,1.0,0.0,,0.06666666666666667,0.06666666666666667,risktriage,0.06666666666666667,0.06666666666666667,10,0.05,0.05,1.0,0.0
30,0.0,1.0,0.0,,0.06666666666666667,0.06666666666666667,rac_interval,0.06666666666666667,0.06666666666666667,10,0.05,,,0.0
30,0.0,1.0,0.0,,0.06666666666666667,0.06666666666666667,rac_interval_cost,0.06666666666666667,0.06666666666666667,10,0.05,,,0.0
30,0.0,0.9666666666666667,0.03333333333333333,,0.034482758620689655,0.03333333333333333,bayes,0.03333333333333333,0.03666666666666667,10,0.1,0.1,1.0,
30,0.0,1.0,0.0,,0.06666666666666667,0.06666666666666667,risktriage,0.06666666666666667,0.06666666666666667,10,0.1,0.1,1.0,0.0
30,0.0,1.0,0.0,,0.06666666666666667,0.06666666666666667,rac_interval,0.06666666666666667,0.06666666666666667,10,0.1,,,0.0
30,0.0,1.0,0.0,,0.06666666666666667,0.06666666666666667,rac_interval_cost,0.06666666666666667,0.06666666666666667,10,0.1,,,0.0
30,0.0,0.9666666666666667,0.03333333333333333,,0.034482758620689655,0.03333333333333333,bayes,0.03333333333333333,0.04,10,0.2,0.2,1.0,
30,0.0,1.0,0.0,,0.06666666666666667,0.06666666666666667,risktriage,0.06666666666666667,0.06666666666666667,10,0.2,0.2,1.0,0.0
30,0.0,1.0,0.0,,0.06666666666666667,0.06666666666666667,rac_interval,0.06666666666666667,0.06666666666666667,10,0.2,,,0.0
30,0.0,1.0,0.0,,0.06666666666666667,0.06666666666666667,rac_interval_cost,0.06666666666666667,0.06666666666666667,10,0.2,,,0.0
30,0.0,0.9666666666666667,0.03333333333333333,,0.034482758620689655,0.03333333333333333,bayes,0.03333333333333333,0.04666666666666666,10,0.4,0.4,1.0,
30,0.0,1.0,0.0,,0.06666666666666667,0.06666666666666667,risktriage,0.06666666666666667,0.06666666666666667,10,0.4,0.4,1.0,0.0
30,0.0,1.0,0.0,,0.06666666666666667,0.06666666666666667,rac_interval,0.06666666666666667,0.06666666666666667,10,0.4,,,0.0
30,0.0,1.0,0.0,,0.06666666666666667,0.06666666666666667,rac_interval_cost,0.06666666666666667,0.06666666666666667,10,0.4,,,0.0
30,0.0,1.0,0.0,,0.06666666666666667,0.06666666666666667,bayes,0.06666666666666667,0.06666666666666667,10,0.6,0.6,0.0,
30,0.0,1.0,0.0,,0.06666666666666667,0.06666666666666667,risktriage,0.06666666666666667,0.06666666666666667,10,0.6,0.6,0.0,0.0
30,0.0,1.0,0.0,,0.06666666666666667,0.06666666666666667,rac_interval,0.06666666666666667,0.06666666666666667,10,0.6,,,0.0
30,0.0,1.0,0.0,,0.06666666666666667,0.06666666666666667,rac_interval_cost,0.06666666666666667,0.06666666666666667,10,0.6,,,0.0
30,0.0,1.0,0.0,,0.06666666666666667,0.06666666666666667,bayes,0.06666666666666667,0.06666666666666667,10,0.8,0.8,0.0,
30,0.0,1.0,0.0,,0.06666666666666667,0.06666666666666667,risktriage,0.06666666666666667,0.06666666666666667,10,0.8,0.8,0.0,0.0
30,0.0,1.0,0.0,,0.06666666666666667,0.06666666666666667,rac_interval,0.06666666666666667,0.06666666666666667,10,0.8,,,0.0
30,0.0,1.0,0.0,,0.06666666666666667,0.06666666666666667,rac_interval_cost,0.06666666666666667,0.06666666666666667,10,0.8,,,0.0
31,0.25806451612903225,0.6451612903225806,0.0967741935483871,0.125,0.0,0.03225806451612903,bayes,0.03225806451612903,0.0332258064516129,11,0.01,0.01,1.0,
31,0.2903225806451613,0.7096774193548387,0.0,0.1111111111111111,0.0,0.03225806451612903,risktriage,0.03225806451612903,0.03225806451612903,11,0.01,0.01,1.0,0.0
31,0.2903225806451613,0.7096774193548387,0.0,0.1111111111111111,0.0,0.03225806451612903,rac_interval,0.03225806451612903,0.03225806451612903,11,0.01,,,0.0
31,0.2903225806451613,0.7096774193548387,0.0,0.1111111111111111,0.0,0.03225806451612903,rac_interval_cost,0.03225806451612903,0.03225806451612903,11,0.01,,,0.0
31,0.2903225806451613,0.7096774193548387,0.0,0.1111111111111111,0.0,0.03225806451612903,bayes,0.03225806451612903,0.03225806451612903,11,0.025,0.025,1.0,
31,0.2903225806451613,0.7096774193548387,0.0,0.1111111111111111,0.0,0.03225806451612903,risktriage,0.03225806451612903,0.03225806451612903,11,0.025,0.025,1.0,0.0
31,0.2903225806451613,0.7096774193548387,0.0,0.1111111111111111,0.0,0.03225806451612903,rac_interval,0.03225806451612903,0.03225806451612903,11,0.025,,,0.0
31,0.2903225806451613,0.7096774193548387,0.0,0.1111111111111111,0.0,0.03225806451612903,rac_interval_cost,0.03225806451612903,0.03225806451612903,11,0.025,,,0.0
31,0.2903225806451613,0.7096774193548387,0.0,0.1111111111111111,0.0,0.03225806451612903,bayes,0.03225806451612903,0.03225806451612903,11,0.05,0.05,1.0,
31,0.2903225806451613,0.7096774193548387,0.0,0.1111111111111111,0.0,0.03225806451612903,risktriage,0.03225806451612903,0.03225806451612903,11,0.05,0.05,1.0,0.0
31,0.2903225806451613,0.7096774193548387,0.0,0.1111111111111111,0.0,0.03225806451612903,rac_interval,0.03225806451612903,0.03225806451612903,11,0.05,,,0.0
31,0.2903225806451613,0.7096774193548387,0.0,0.1111111111111111,0.0,0.03225806451612903,rac_interval_cost,0.03225806451612903,0.03225806451612903,11,0.05,,,0.0
31,0.2903225806451613,0.7096774193548387,0.0,0.1111111111111111,0.0,0.03225806451612903,bayes,0.03225806451612903,0.03225806451612903,11,0.1,0.1,1.0,
31,0.2903225806451613,0.7096774193548387,0.0,0.1111111111111111,0.0,0.03225806451612903,risktriage,0.03225806451612903,0.03225806451612903,11,0.1,0.1,1.0,0.0
31,0.2903225806451613,0.7096774193548387,0.0,0.1111111111111111,0.0,0.03225806451612903,rac_interval,0.03225806451612903,0.03225806451612903,11,0.1,,,0.0
31,0.2903225806451613,0.7096774193548387,0.0,0.1111111111111111,0.0,0.03225806451612903,rac_interval_cost,0.03225806451612903,0.03225806451612903,11,0.1,,,0.0
31,0.2903225806451613,0.7096774193548387,0.0,0.1111111111111111,0.0,0.03225806451612903,bayes,0.03225806451612903,0.03225806451612903,11,0.2,0.2,1.0,
31,0.2903225806451613,0.7096774193548387,0.0,0.1111111111111111,0.0,0.03225806451612903,risktriage,0.03225806451612903,0.03225806451612903,11,0.2,0.2,1.0,0.0
31,0.2903225806451613,0.7096774193548387,0.0,0.1111111111111111,0.0,0.03225806451612903,rac_interval,0.03225806451612903,0.03225806451612903,11,0.2,,,0.0
31,0.2903225806451613,0.7096774193548387,0.0,0.1111111111111111,0.0,0.03225806451612903,rac_interval_cost,0.03225806451612903,0.03225806451612903,11,0.2,,,0.0
31,0.2903225806451613,0.7096774193548387,0.0,0.1111111111111111,0.0,0.03225806451612903,bayes,0.03225806451612903,0.03225806451612903,11,0.4,0.4,1.0,
31,0.2903225806451613,0.7096774193548387,0.0,0.1111111111111111,0.0,0.03225806451612903,risktriage,0.03225806451612903,0.03225806451612903,11,0.4,0.4,1.0,0.0
31,0.2903225806451613,0.7096774193548387,0.0,0.1111111111111111,0.0,0.03225806451612903,rac_interval,0.03225806451612903,0.03225806451612903,11,0.4,,,0.0
31,0.2903225806451613,0.7096774193548387,0.0,0.1111111111111111,0.0,0.03225806451612903,rac_interval_cost,0.03225806451612903,0.03225806451612903,11,0.4,,,0.0
31,0.2903225806451613,0.7096774193548387,0.0,0.1111111111111111,0.0,0.03225806451612903,bayes,0.03225806451612903,0.03225806451612903,11,0.6,0.6,0.0,
31,0.2903225806451613,0.7096774193548387,0.0,0.1111111111111111,0.0,0.03225806451612903,risktriage,0.03225806451612903,0.03225806451612903,11,0.6,0.6,0.0,0.0
31,0.2903225806451613,0.7096774193548387,0.0,0.1111111111111111,0.0,0.03225806451612903,rac_interval,0.03225806451612903,0.03225806451612903,11,0.6,,,0.0
31,0.2903225806451613,0.7096774193548387,0.0,0.1111111111111111,0.0,0.03225806451612903,rac_interval_cost,0.03225806451612903,0.03225806451612903,11,0.6,,,0.0
31,0.2903225806451613,0.7096774193548387,0.0,0.1111111111111111,0.0,0.03225806451612903,bayes,0.03225806451612903,0.03225806451612903,11,0.8,0.8,0.0,
31,0.2903225806451613,0.7096774193548387,0.0,0.1111111111111111,0.0,0.03225806451612903,risktriage,0.03225806451612903,0.03225806451612903,11,0.8,0.8,0.0,0.0
31,0.2903225806451613,0.7096774193548387,0.0,0.1111111111111111,0.0,0.03225806451612903,rac_interval,0.03225806451612903,0.03225806451612903,11,0.8,,,0.0
31,0.2903225806451613,0.7096774193548387,0.0,0.1111111111111111,0.0,0.03225806451612903,rac_interval_cost,0.03225806451612903,0.03225806451612903,11,0.8,,,0.0
30,0.13333333333333333,0.7666666666666667,0.1,0.0,0.17391304347826086,0.13333333333333333,bayes,0.13333333333333333,0.1343333333333333,12,0.01,0.01,1.0,
30,0.2,0.8,0.0,0.3333333333333333,0.16666666666666666,0.2,risktriage,0.2,0.2,12,0.01,0.01,1.0,0.0
30,0.2,0.8,0.0,0.3333333333333333,0.16666666666666666,0.2,rac_interval,0.2,0.2,12,0.01,,,0.0
30,0.2,0.8,0.0,0.3333333333333333,0.16666666666666666,0.2,rac_interval_cost,0.2,0.2,12,0.01,,,0.0
30,0.13333333333333333,0.7666666666666667,0.1,0.0,0.17391304347826086,0.13333333333333333,bayes,0.13333333333333333,0.1358333333333333,12,0.025,0.025,1.0,
30,0.2,0.8,0.0,0.3333333333333333,0.16666666666666666,0.2,risktriage,0.2,0.2,12,0.025,0.025,1.0,0.0
30,0.2,0.8,0.0,0.3333333333333333,0.16666666666666666,0.2,rac_interval,0.2,0.2,12,0.025,,,0.0
30,0.2,0.8,0.0,0.3333333333333333,0.16666666666666666,0.2,rac_interval_cost,0.2,0.2,12,0.025,,,0.0
30,0.2,0.8,0.0,0.3333333333333333,0.16666666666666666,0.2,bayes,0.2,0.2,12,0.05,0.05,1.0,
30,0.2,0.8,0.0,0.3333333333333333,0.16666666666666666,0.2,risktriage,0.2,0.2,12,0.05,0.05,1.0,0.0
30,0.2,0.8,0.0,0.3333333333333333,0.16666666666666666,0.2,rac_interval,0.2,0.2,12,0.05,,,0.0
30,0.2,0.8,0.0,0.3333333333333333,0.16666666666666666,0.2,rac_interval_cost,0.2,0.2,12,0.05,,,0.0
30,0.2,0.8,0.0,0.3333333333333333,0.16666666666666666,0.2,bayes,0.2,0.2,12,0.1,0.1,1.0,
30,0.2,0.8,0.0,0.3333333333333333,0.16666666666666666,0.2,risktriage,0.2,0.2,12,0.1,0.1,1.0,0.0
30,0.2,0.8,0.0,0.3333333333333333,0.16666666666666666,0.2,rac_interval,0.2,0.2,12,0.1,,,0.0
30,0.2,0.8,0.0,0.3333333333333333,0.16666666666666666,0.2,rac_interval_cost,0.2,0.2,12,0.1,,,0.0
30,0.2,0.8,0.0,0.3333333333333333,0.16666666666666666,0.2,bayes,0.2,0.2,12,0.2,0.2,1.0,
30,0.2,0.8,0.0,0.3333333333333333,0.16666666666666666,0.2,risktriage,0.2,0.2,12,0.2,0.2,1.0,0.0
30,0.2,0.8,0.0,0.3333333333333333,0.16666666666666666,0.2,rac_interval,0.2,0.2,12,0.2,,,0.0
30,0.2,0.8,0.0,0.3333333333333333,0.16666666666666666,0.2,rac_interval_cost,0.2,0.2,12,0.2,,,0.0
30,0.2,0.8,0.0,0.3333333333333333,0.16666666666666666,0.2,bayes,0.2,0.2,12,0.4,0.4,1.0,
30,0.2,0.8,0.0,0.3333333333333333,0.16666666666666666,0.2,risktriage,0.2,0.2,12,0.4,0.4,1.0,0.0
30,0.2,0.8,0.0,0.3333333333333333,0.16666666666666666,0.2,rac_interval,0.2,0.2,12,0.4,,,0.0
30,0.2,0.8,0.0,0.3333333333333333,0.16666666666666666,0.2,rac_interval_cost,0.2,0.2,12,0.4,,,0.0
30,0.2,0.8,0.0,0.3333333333333333,0.16666666666666666,0.2,bayes,0.2,0.2,12,0.6,0.6,0.0,
30,0.2,0.8,0.0,0.3333333333333333,0.16666666666666666,0.2,risktriage,0.2,0.2,12,0.6,0.6,0.0,0.0
30,0.2,0.8,0.0,0.3333333333333333,0.16666666666666666,0.2,rac_interval,0.2,0.2,12,0.6,,,0.0
30,0.2,0.8,0.0,0.3333333333333333,0.16666666666666666,0.2,rac_interval_cost,0.2,0.2,12,0.6,,,0.0
30,0.2,0.8,0.0,0.3333333333333333,0.16666666666666666,0.2,bayes,0.2,0.2,12,0.8,0.8,0.0,
30,0.2,0.8,0.0,0.3333333333333333,0.16666666666666666,0.2,risktriage,0.2,0.2,12,0.8,0.8,0.0,0.0
30,0.2,0.8,0.0,0.3333333333333333,0.16666666666666666,0.2,rac_interval,0.2,0.2,12,0.8,,,0.0
30,0.2,0.8,0.0,0.3333333333333333,0.16666666666666666,0.2,rac_interval_cost,0.2,0.2,12,0.8,,,0.0
30,0.36666666666666664,0.5666666666666667,0.06666666666666667,0.09090909090909091,0.0,0.03333333333333333,bayes,0.03333333333333333,0.034,13,0.01,0.01,1.0,
30,0.16666666666666666,0.5666666666666667,0.26666666666666666,0.0,0.0,0.0,risktriage,0.0,0.002666666666666666,13,0.01,0.01,1.0,6.4362541762141525
30,0.2,0.5666666666666667,0.23333333333333334,0.0,0.0,0.0,rac_interval,0.0,0.0023333333333333335,13,0.01,,,13.533144247746316
30,0.2,0.5666666666666667,0.23333333333333334,0.0,0.0,0.0,rac_interval_cost,0.0,0.0023333333333333335,13,0.01,,,13.533144247746316
30,0.36666666666666664,0.5666666666666667,0.06666666666666667,0.09090909090909091,0.0,0.03333333333333333,bayes,0.03333333333333333,0.034999999999999996,13,0.025,0.025,1.0,
30,0.16666666666666666,0.5666666666666667,0.26666666666666666,0.0,0.0,0.0,risktriage,0.0,0.006666666666666667,13,0.025,0.025,1.0,7.467690177849131
30,0.2,0.5666666666666667,0.23333333333333334,0.0,0.0,0.0,rac_interval,0.0,0.005833333333333333,13,0.025,,,13.533144247746316
30,0.2,0.5666666666666667,0.23333333333333334,0.0,0.0,0.0,rac_interval_cost,0.0,0.005833333333333333,13,0.025,,,13.533144247746316
30,0.36666666666666664,0.5666666666666667,0.06666666666666667,0.09090909090909091,0.0,0.03333333333333333,bayes,0.03333333333333333,0.03666666666666667,13,0.05,0.05,1.0,
30,0.2,0.5666666666666667,0.23333333333333334,0.0,0.0,0.0,risktriage,0.0,0.011666666666666665,13,0.05,0.05,1.0,8.664418008604269
30,0.2,0.5666666666666667,0.23333333333333334,0.0,0.0,0.0,rac_interval,0.0,0.011666666666666665,13,0.05,,,13.533144247746316
30,0.2,0.5666666666666667,0.23333333333333334,0.0,0.0,0.0,rac_interval_cost,0.0,0.011666666666666665,13,0.05,,,13.533144247746316
30,0.4,0.6,0.0,0.16666666666666666,0.0,0.06666666666666667,bayes,0.06666666666666667,0.06666666666666667,13,0.1,0.1,1.0,
30,0.16666666666666666,0.5666666666666667,0.26666666666666666,0.0,0.0,0.0,risktriage,0.0,0.02666666666666667,13,0.1,0.1,1.0,11.663948839258536
30,0.2,0.5666666666666667,0.23333333333333334,0.0,0.0,0.0,rac_interval,0.0,0.02333333333333333,13,0.1,,,13.533144247746316
30,0.2,0.5666666666666667,0.23333333333333334,0.0,0.0,0.0,rac_interval_cost,0.0,0.02333333333333333,13,0.1,,,13.533144247746316
30,0.4,0.6,0.0,0.16666666666666666,0.0,0.06666666666666667,bayes,0.06666666666666667,0.06666666666666667,13,0.2,0.2,1.0,
30,0.16666666666666666,0.5666666666666667,0.26666666666666666,0.0,0.0,0.0,risktriage,0.0,0.05333333333333334,13,0.2,0.2,1.0,18.218177145108307
30,0.2,0.5666666666666667,0.23333333333333334,0.0,0.0,0.0,rac_interval,0.0,0.04666666666666666,13,0.2,,,13.533144247746316
30,0.2,0.5666666666666667,0.23333333333333334,0.0,0.0,0.0,rac_interval_cost,0.0,0.04666666666666666,13,0.2,,,13.533144247746316
30,0.4,0.6,0.0,0.16666666666666666,0.0,0.06666666666666667,bayes,0.06666666666666667,0.06666666666666667,13,0.4,0.4,1.0,
30,0.16666666666666666,0.5666666666666667,0.26666666666666666,0.0,0.0,0.0,risktriage,0.0,0.10666666666666667,13,0.4,0.4,1.0,59.831481895400536
30,0.2,0.5666666666666667,0.23333333333333334,0.0,0.0,0.0,rac_interval,0.0,0.09333333333333332,13,0.4,,,13.533144247746316
30,0.2,0.5666666666666667,0.23333333333333334,0.0,0.0,0.0,rac_interval_cost,0.0,0.09333333333333332,13,0.4,,,13.533144247746316
30,0.4,0.6,0.0,0.16666666666666666,0.0,0.06666666666666667,bayes,0.06666666666666667,0.06666666666666667,13,0.6,0.6,0.0,
30,0.4,0.6,0.0,0.16666666666666666,0.0,0.06666666666666667,risktriage,0.06666666666666667,0.06666666666666667,13,0.6,0.6,0.0,125.80424154770618
30,0.2,0.5666666666666667,0.23333333333333334,0.0,0.0,0.0,rac_interval,0.0,0.14,13,0.6,,,13.533144247746316
30,0.4,0.6,0.0,0.16666666666666666,0.0,0.06666666666666667,rac_interval_cost,0.06666666666666667,0.06666666666666667,13,0.6,,,13.533144247746316
30,0.4,0.6,0.0,0.16666666666666666,0.0,0.06666666666666667,bayes,0.06666666666666667,0.06666666666666667,13,0.8,0.8,0.0,
30,0.4,0.6,0.0,0.16666666666666666,0.0,0.06666666666666667,risktriage,0.06666666666666667,0.06666666666666667,13,0.8,0.8,0.0,125.80424154770618
30,0.2,0.5666666666666667,0.23333333333333334,0.0,0.0,0.0,rac_interval,0.0,0.18666666666666665,13,0.8,,,13.533144247746316
30,0.4,0.6,0.0,0.16666666666666666,0.0,0.06666666666666667,rac_interval_cost,0.06666666666666667,0.06666666666666667,13,0.8,,,13.533144247746316
31,0.25806451612903225,0.7096774193548387,0.03225806451612903,0.125,0.045454545454545456,0.06451612903225806,bayes,0.06451612903225806,0.06483870967741935,14,0.01,0.01,1.0,
31,0.12903225806451613,0.5806451612903226,0.2903225806451613,0.0,0.0,0.0,risktriage,0.0,0.0029032258064516123,14,0.01,0.01,1.0,4.500668995179693
31,0.12903225806451613,0.5806451612903226,0.2903225806451613,0.0,0.0,0.0,rac_interval,0.0,0.0029032258064516123,14,0.01,,,10.587581734221784
31,0.12903225806451613,0.5806451612903226,0.2903225806451613,0.0,0.0,0.0,rac_interval_cost,0.0,0.0029032258064516123,14,0.01,,,10.587581734221784
31,0.2903225806451613,0.7096774193548387,0.0,0.1111111111111111,0.045454545454545456,0.06451612903225806,bayes,0.06451612903225806,0.06451612903225806,14,0.025,0.025,1.0,
31,0.12903225806451613,0.5806451612903226,0.2903225806451613,0.0,0.0,0.0,risktriage,0.0,0.007258064516129033,14,0.025,0.025,1.0,5.190354535275164
31,0.12903225806451613,0.5806451612903226,0.2903225806451613,0.0,0.0,0.0,rac_interval,0.0,0.007258064516129033,14,0.025,,,10.587581734221784
31,0.12903225806451613,0.5806451612903226,0.2903225806451613,0.0,0.0,0.0,rac_interval_cost,0.0,0.007258064516129033,14,0.025,,,10.587581734221784
31,0.2903225806451613,0.7096774193548387,0.0,0.1111111111111111,0.045454545454545456,0.06451612903225806,bayes,0.06451612903225806,0.06451612903225806,14,0.05,0.05,1.0,
31,0.12903225806451613,0.6129032258064516,0.25806451612903225,0.0,0.0,0.0,risktriage,0.0,0.012903225806451611,14,0.05,0.05,1.0,5.985727950823423
31,0.12903225806451613,0.5806451612903226,0.2903225806451613,0.0,0.0,0.0,rac_interval,0.0,0.014516129032258065,14,0.05,,,10.587581734221784
31,0.12903225806451613,0.5806451612903226,0.2903225806451613,0.0,0.0,0.0,rac_interval_cost,0.0,0.014516129032258065,14,0.05,,,10.587581734221784
31,0.2903225806451613,0.7096774193548387,0.0,0.1111111111111111,0.045454545454545456,0.06451612903225806,bayes,0.06451612903225806,0.06451612903225806,14,0.1,0.1,1.0,
31,0.12903225806451613,0.5806451612903226,0.2903225806451613,0.0,0.0,0.0,risktriage,0.0,0.02903225806451613,14,0.1,0.1,1.0,7.960802969434607
31,0.12903225806451613,0.5806451612903226,0.2903225806451613,0.0,0.0,0.0,rac_interval,0.0,0.02903225806451613,14,0.1,,,10.587581734221784
31,0.12903225806451613,0.5806451612903226,0.2903225806451613,0.0,0.0,0.0,rac_interval_cost,0.0,0.02903225806451613,14,0.1,,,10.587581734221784
31,0.2903225806451613,0.7096774193548387,0.0,0.1111111111111111,0.045454545454545456,0.06451612903225806,bayes,0.06451612903225806,0.06451612903225806,14,0.2,0.2,1.0,
31,0.12903225806451613,0.5806451612903226,0.2903225806451613,0.0,0.0,0.0,risktriage,0.0,0.05806451612903226,14,0.2,0.2,1.0,12.21002987126372
31,0.12903225806451613,0.5806451612903226,0.2903225806451613,0.0,0.0,0.0,rac_interval,0.0,0.05806451612903226,14,0.2,,,10.587581734221784
31,0.12903225806451613,0.5806451612903226,0.2903225806451613,0.0,0.0,0.0,rac_interval_cost,0.0,0.05806451612903226,14,0.2,,,10.587581734221784
31,0.2903225806451613,0.7096774193548387,0.0,0.1111111111111111,0.045454545454545456,0.06451612903225806,bayes,0.06451612903225806,0.06451612903225806,14,0.4,0.4,1.0,
31,0.12903225806451613,0.6129032258064516,0.25806451612903225,0.0,0.0,0.0,risktriage,0.0,0.10322580645161289,14,0.4,0.4,1.0,38.20114055341034
31,0.12903225806451613,0.5806451612903226,0.2903225806451613,0.0,0.0,0.0,rac_interval,0.0,0.11612903225806452,14,0.4,,,10.587581734221784
31,0.12903225806451613,0.5806451612903226,0.2903225806451613,0.0,0.0,0.0,rac_interval_cost,0.0,0.11612903225806452,14,0.4,,,10.587581734221784
31,0.2903225806451613,0.7096774193548387,0.0,0.1111111111111111,0.045454545454545456,0.06451612903225806,bayes,0.06451612903225806,0.06451612903225806,14,0.6,0.6,0.0,
31,0.2903225806451613,0.7096774193548387,0.0,0.1111111111111111,0.045454545454545456,0.06451612903225806,risktriage,0.06451612903225806,0.06451612903225806,14,0.6,0.6,0.0,77.92486913965374
31,0.12903225806451613,0.5806451612903226,0.2903225806451613,0.0,0.0,0.0,rac_interval,0.0,0.17419354838709672,14,0.6,,,10.587581734221784
31,0.2903225806451613,0.7096774193548387,0.0,0.1111111111111111,0.045454545454545456,0.06451612903225806,rac_interval_cost,0.06451612903225806,0.06451612903225806,14,0.6,,,10.587581734221784
31,0.2903225806451613,0.7096774193548387,0.0,0.1111111111111111,0.045454545454545456,0.06451612903225806,bayes,0.06451612903225806,0.06451612903225806,14,0.8,0.8,0.0,
31,0.2903225806451613,0.7096774193548387,0.0,0.1111111111111111,0.045454545454545456,0.06451612903225806,risktriage,0.06451612903225806,0.06451612903225806,14,0.8,0.8,0.0,77.92486913965374
31,0.12903225806451613,0.5806451612903226,0.2903225806451613,0.0,0.0,0.0,rac_interval,0.0,0.23225806451612904,14,0.8,,,10.587581734221784
31,0.2903225806451613,0.7096774193548387,0.0,0.1111111111111111,0.045454545454545456,0.06451612903225806,rac_interval_cost,0.06451612903225806,0.06451612903225806,14,0.8,,,10.587581734221784
31,0.22580645161290322,0.7419354838709677,0.03225806451612903,0.42857142857142855,0.08695652173913043,0.16129032258064516,bayes,0.16129032258064516,0.16161290322580643,15,0.01,0.01,1.0,
31,0.22580645161290322,0.7741935483870968,0.0,0.42857142857142855,0.125,0.1935483870967742,risktriage,0.1935483870967742,0.1935483870967742,15,0.01,0.01,1.0,0.0
31,0.22580645161290322,0.7741935483870968,0.0,0.42857142857142855,0.125,0.1935483870967742,rac_interval,0.1935483870967742,0.1935483870967742,15,0.01,,,0.0
31,0.22580645161290322,0.7741935483870968,0.0,0.42857142857142855,0.125,0.1935483870967742,rac_interval_cost,0.1935483870967742,0.1935483870967742,15,0.01,,,0.0
31,0.22580645161290322,0.7419354838709677,0.03225806451612903,0.42857142857142855,0.08695652173913043,0.16129032258064516,bayes,0.16129032258064516,0.1620967741935484,15,0.025,0.025,1.0,
31,0.22580645161290322,0.7741935483870968,0.0,0.42857142857142855,0.125,0.1935483870967742,risktriage,0.1935483870967742,0.1935483870967742,15,0.025,0.025,1.0,0.0
31,0.22580645161290322,0.7741935483870968,0.0,0.42857142857142855,0.125,0.1935483870967742,rac_interval,0.1935483870967742,0.1935483870967742,15,0.025,,,0.0
31,0.22580645161290322,0.7741935483870968,0.0,0.42857142857142855,0.125,0.1935483870967742,rac_interval_cost,0.1935483870967742,0.1935483870967742,15,0.025,,,0.0
31,0.22580645161290322,0.7419354838709677,0.03225806451612903,0.42857142857142855,0.08695652173913043,0.16129032258064516,bayes,0.16129032258064516,0.1629032258064516,15,0.05,0.05,1.0,
31,0.22580645161290322,0.7741935483870968,0.0,0.42857142857142855,0.125,0.1935483870967742,risktriage,0.1935483870967742,0.1935483870967742,15,0.05,0.05,1.0,0.0
31,0.22580645161290322,0.7741935483870968,0.0,0.42857142857142855,0.125,0.1935483870967742,rac_interval,0.1935483870967742,0.1935483870967742,15,0.05,,,0.0
31,0.22580645161290322,0.7741935483870968,0.0,0.42857142857142855,0.125,0.1935483870967742,rac_interval_cost,0.1935483870967742,0.1935483870967742,15,0.05,,,0.0
31,0.22580645161290322,0.7419354838709677,0.03225806451612903,0.42857142857142855,0.08695652173913043,0.16129032258064516,bayes,0.16129032258064516,0.16451612903225804,15,0.1,0.1,1.0,
31,0.22580645161290322,0.7741935483870968,0.0,0.42857142857142855,0.125,0.1935483870967742,risktriage,0.1935483870967742,0.1935483870967742,15,0.1,0.1,1.0,0.0
31,0.22580645161290322,0.7741935483870968,0.0,0.42857142857142855,0.125,0.1935483870967742,rac_interval,0.1935483870967742,0.1935483870967742,15,0.1,,,0.0
31,0.22580645161290322,0.7741935483870968,0.0,0.42857142857142855,0.125,0.1935483870967742,rac_interval_cost,0.1935483870967742,0.1935483870967742,15,0.1,,,0.0
31,0.22580645161290322,0.7741935483870968,0.0,0.42857142857142855,0.125,0.1935483870967742,bayes,0.1935483870967742,0.1935483870967742,15,0.2,0.2,1.0,
31,0.22580645161290322,0.7741935483870968,0.0,0.42857142857142855,0.125,0.1935483870967742,risktriage,0.1935483870967742,0.1935483870967742,15,0.2,0.2,1.0,0.0
31,0.22580645161290322,0.7741935483870968,0.0,0.42857142857142855,0.125,0.1935483870967742,rac_interval,0.1935483870967742,0.1935483870967742,15,0.2,,,0.0
31,0.22580645161290322,0.7741935483870968,0.0,0.42857142857142855,0.125,0.1935483870967742,rac_interval_cost,0.1935483870967742,0.1935483870967742,15,0.2,,,0.0
31,0.22580645161290322,0.7741935483870968,0.0,0.42857142857142855,0.125,0.1935483870967742,bayes,0.1935483870967742,0.1935483870967742,15,0.4,0.4,1.0,
31,0.22580645161290322,0.7741935483870968,0.0,0.42857142857142855,0.125,0.1935483870967742,risktriage,0.1935483870967742,0.1935483870967742,15,0.4,0.4,1.0,0.0
31,0.22580645161290322,0.7741935483870968,0.0,0.42857142857142855,0.125,0.1935483870967742,rac_interval,0.1935483870967742,0.1935483870967742,15,0.4,,,0.0
31,0.22580645161290322,0.7741935483870968,0.0,0.42857142857142855,0.125,0.1935483870967742,rac_interval_cost,0.1935483870967742,0.1935483870967742,15,0.4,,,0.0
31,0.22580645161290322,0.7741935483870968,0.0,0.42857142857142855,0.125,0.1935483870967742,bayes,0.1935483870967742,0.1935483870967742,15,0.6,0.6,0.0,
31,0.22580645161290322,0.7741935483870968,0.0,0.42857142857142855,0.125,0.1935483870967742,risktriage,0.1935483870967742,0.1935483870967742,15,0.6,0.6,0.0,0.0
31,0.22580645161290322,0.7741935483870968,0.0,0.42857142857142855,0.125,0.1935483870967742,rac_interval,0.1935483870967742,0.1935483870967742,15,0.6,,,0.0
31,0.22580645161290322,0.7741935483870968,0.0,0.42857142857142855,0.125,0.1935483870967742,rac_interval_cost,0.1935483870967742,0.1935483870967742,15,0.6,,,0.0
31,0.22580645161290322,0.7741935483870968,0.0,0.42857142857142855,0.125,0.1935483870967742,bayes,0.1935483870967742,0.1935483870967742,15,0.8,0.8,0.0,
31,0.22580645161290322,0.7741935483870968,0.0,0.42857142857142855,0.125,0.1935483870967742,risktriage,0.1935483870967742,0.1935483870967742,15,0.8,0.8,0.0,0.0
31,0.22580645161290322,0.7741935483870968,0.0,0.42857142857142855,0.125,0.1935483870967742,rac_interval,0.1935483870967742,0.1935483870967742,15,0.8,,,0.0
31,0.22580645161290322,0.7741935483870968,0.0,0.42857142857142855,0.125,0.1935483870967742,rac_interval_cost,0.1935483870967742,0.1935483870967742,15,0.8,,,0.0
32,0.09375,0.90625,0.0,0.3333333333333333,0.13793103448275862,0.15625,bayes,0.15625,0.15625,16,0.01,0.01,1.0,
32,0.09375,0.90625,0.0,0.3333333333333333,0.13793103448275862,0.15625,risktriage,0.15625,0.15625,16,0.01,0.01,1.0,0.0
32,0.09375,0.90625,0.0,0.3333333333333333,0.13793103448275862,0.15625,rac_interval,0.15625,0.15625,16,0.01,,,0.0
32,0.09375,0.90625,0.0,0.3333333333333333,0.13793103448275862,0.15625,rac_interval_cost,0.15625,0.15625,16,0.01,,,0.0
32,0.09375,0.90625,0.0,0.3333333333333333,0.13793103448275862,0.15625,bayes,0.15625,0.15625,16,0.025,0.025,1.0,
32,0.09375,0.90625,0.0,0.3333333333333333,0.13793103448275862,0.15625,risktriage,0.15625,0.15625,16,0.025,0.025,1.0,0.0
32,0.09375,0.90625,0.0,0.3333333333333333,0.13793103448275862,0.15625,rac_interval,0.15625,0.15625,16,0.025,,,0.0
32,0.09375,0.90625,0.0,0.3333333333333333,0.13793103448275862,0.15625,rac_interval_cost,0.15625,0.15625,16,0.025,,,0.0
32,0.09375,0.90625,0.0,0.3333333333333333,0.13793103448275862,0.15625,bayes,0.15625,0.15625,16,0.05,0.05,1.0,
32,0.09375,0.90625,0.0,0.3333333333333333,0.13793103448275862,0.15625,risktriage,0.15625,0.15625,16,0.05,0.05,1.0,0.0
32,0.09375,0.90625,0.0,0.3333333333333333,0.13793103448275862,0.15625,rac_interval,0.15625,0.15625,16,0.05,,,0.0
32,0.09375,0.90625,0.0,0.3333333333333333,0.13793103448275862,0.15625,rac_interval_cost,0.15625,0.15625,16,0.05,,,0.0
32,0.09375,0.90625,0.0,0.3333333333333333,0.13793103448275862,0.15625,bayes,0.15625,0.15625,16,0.1,0.1,1.0,
32,0.09375,0.90625,0.0,0.3333333333333333,0.13793103448275862,0.15625,risktriage,0.15625,0.15625,16,0.1,0.1,1.0,0.0
32,0.09375,0.90625,0.0,0.3333333333333333,0.13793103448275862,0.15625,rac_interval,0.15625,0.15625,16,0.1,,,0.0
32,0.09375,0.90625,0.0,0.3333333333333333,0.13793103448275862,0.15625,rac_interval_cost,0.15625,0.15625,16,0.1,,,0.0
32,0.09375,0.90625,0.0,0.3333333333333333,0.13793103448275862,0.15625,bayes,0.15625,0.15625,16,0.2,0.2,1.0,
32,0.09375,0.90625,0.0,0.3333333333333333,0.13793103448275862,0.15625,risktriage,0.15625,0.15625,16,0.2,0.2,1.0,0.0
32,0.09375,0.90625,0.0,0.3333333333333333,0.13793103448275862,0.15625,rac_interval,0.15625,0.15625,16,0.2,,,0.0
32,0.09375,0.90625,0.0,0.3333333333333333,0.13793103448275862,0.15625,rac_interval_cost,0.15625,0.15625,16,0.2,,,0.0
32,0.09375,0.90625,0.0,0.3333333333333333,0.13793103448275862,0.15625,bayes,0.15625,0.15625,16,0.4,0.4,1.0,
32,0.09375,0.90625,0.0,0.3333333333333333,0.13793103448275862,0.15625,risktriage,0.15625,0.15625,16,0.4,0.4,1.0,0.0
32,0.09375,0.90625,0.0,0.3333333333333333,0.13793103448275862,0.15625,rac_interval,0.15625,0.15625,16,0.4,,,0.0
32,0.09375,0.90625,0.0,0.3333333333333333,0.13793103448275862,0.15625,rac_interval_cost,0.15625,0.15625,16,0.4,,,0.0
32,0.09375,0.90625,0.0,0.3333333333333333,0.13793103448275862,0.15625,bayes,0.15625,0.15625,16,0.6,0.6,0.0,
32,0.09375,0.90625,0.0,0.3333333333333333,0.13793103448275862,0.15625,risktriage,0.15625,0.15625,16,0.6,0.6,0.0,0.0
32,0.09375,0.90625,0.0,0.3333333333333333,0.13793103448275862,0.15625,rac_interval,0.15625,0.15625,16,0.6,,,0.0
32,0.09375,0.90625,0.0,0.3333333333333333,0.13793103448275862,0.15625,rac_interval_cost,0.15625,0.15625,16,0.6,,,0.0
32,0.09375,0.90625,0.0,0.3333333333333333,0.13793103448275862,0.15625,bayes,0.15625,0.15625,16,0.8,0.8,0.0,
32,0.09375,0.90625,0.0,0.3333333333333333,0.13793103448275862,0.15625,risktriage,0.15625,0.15625,16,0.8,0.8,0.0,0.0
32,0.09375,0.90625,0.0,0.3333333333333333,0.13793103448275862,0.15625,rac_interval,0.15625,0.15625,16,0.8,,,0.0
32,0.09375,0.90625,0.0,0.3333333333333333,0.13793103448275862,0.15625,rac_interval_cost,0.15625,0.15625,16,0.8,,,0.0
31,0.16129032258064516,0.8064516129032258,0.03225806451612903,0.0,0.16,0.12903225806451613,bayes,0.12903225806451613,0.1293548387096774,17,0.01,0.01,1.0,
31,0.1935483870967742,0.8064516129032258,0.0,0.16666666666666666,0.16,0.16129032258064516,risktriage,0.16129032258064516,0.16129032258064516,17,0.01,0.01,1.0,0.0
31,0.1935483870967742,0.8064516129032258,0.0,0.16666666666666666,0.16,0.16129032258064516,rac_interval,0.16129032258064516,0.16129032258064516,17,0.01,,,0.0
31,0.1935483870967742,0.8064516129032258,0.0,0.16666666666666666,0.16,0.16129032258064516,rac_interval_cost,0.16129032258064516,0.16129032258064516,17,0.01,,,0.0
31,0.16129032258064516,0.8064516129032258,0.03225806451612903,0.0,0.16,0.12903225806451613,bayes,0.12903225806451613,0.12983870967741937,17,0.025,0.025,1.0,
31,0.1935483870967742,0.8064516129032258,0.0,0.16666666666666666,0.16,0.16129032258064516,risktriage,0.16129032258064516,0.16129032258064516,17,0.025,0.025,1.0,0.0
31,0.1935483870967742,0.8064516129032258,0.0,0.16666666666666666,0.16,0.16129032258064516,rac_interval,0.16129032258064516,0.16129032258064516,17,0.025,,,0.0
31,0.1935483870967742,0.8064516129032258,0.0,0.16666666666666666,0.16,0.16129032258064516,rac_interval_cost,0.16129032258064516,0.16129032258064516,17,0.025,,,0.0
31,0.16129032258064516,0.8064516129032258,0.03225806451612903,0.0,0.16,0.12903225806451613,bayes,0.12903225806451613,0.13064516129032258,17,0.05,0.05,1.0,
31,0.1935483870967742,0.8064516129032258,0.0,0.16666666666666666,0.16,0.16129032258064516,risktriage,0.16129032258064516,0.16129032258064516,17,0.05,0.05,1.0,0.0
31,0.1935483870967742,0.8064516129032258,0.0,0.16666666666666666,0.16,0.16129032258064516,rac_interval,0.16129032258064516,0.16129032258064516,17,0.05,,,0.0
31,0.1935483870967742,0.8064516129032258,0.0,0.16666666666666666,0.16,0.16129032258064516,rac_interval_cost,0.16129032258064516,0.16129032258064516,17,0.05,,,0.0
31,0.16129032258064516,0.8064516129032258,0.03225806451612903,0.0,0.16,0.12903225806451613,bayes,0.12903225806451613,0.132258064516129,17,0.1,0.1,1.0,
31,0.1935483870967742,0.8064516129032258,0.0,0.16666666666666666,0.16,0.16129032258064516,risktriage,0.16129032258064516,0.16129032258064516,17,0.1,0.1,1.0,0.0
31,0.1935483870967742,0.8064516129032258,0.0,0.16666666666666666,0.16,0.16129032258064516,rac_interval,0.16129032258064516,0.16129032258064516,17,0.1,,,0.0
31,0.1935483870967742,0.8064516129032258,0.0,0.16666666666666666,0.16,0.16129032258064516,rac_interval_cost,0.16129032258064516,0.16129032258064516,17,0.1,,,0.0
31,0.16129032258064516,0.8064516129032258,0.03225806451612903,0.0,0.16,0.12903225806451613,bayes,0.12903225806451613,0.13548387096774195,17,0.2,0.2,1.0,
31,0.1935483870967742,0.8064516129032258,0.0,0.16666666666666666,0.16,0.16129032258064516,risktriage,0.16129032258064516,0.16129032258064516,17,0.2,0.2,1.0,0.0
31,0.1935483870967742,0.8064516129032258,0.0,0.16666666666666666,0.16,0.16129032258064516,rac_interval,0.16129032258064516,0.16129032258064516,17,0.2,,,0.0
31,0.1935483870967742,0.8064516129032258,0.0,0.16666666666666666,0.16,0.16129032258064516,rac_interval_cost,0.16129032258064516,0.16129032258064516,17,0.2,,,0.0
31,0.1935483870967742,0.8064516129032258,0.0,0.16666666666666666,0.16,0.16129032258064516,bayes,0.16129032258064516,0.16129032258064516,17,0.4,0.4,1.0,
31,0.1935483870967742,0.8064516129032258,0.0,0.16666666666666666,0.16,0.16129032258064516,risktriage,0.16129032258064516,0.16129032258064516,17,0.4,0.4,1.0,0.0
31,0.1935483870967742,0.8064516129032258,0.0,0.16666666666666666,0.16,0.16129032258064516,rac_interval,0.16129032258064516,0.16129032258064516,17,0.4,,,0.0
31,0.1935483870967742,0.8064516129032258,0.0,0.16666666666666666,0.16,0.16129032258064516,rac_interval_cost,0.16129032258064516,0.16129032258064516,17,0.4,,,0.0
31,0.1935483870967742,0.8064516129032258,0.0,0.16666666666666666,0.16,0.16129032258064516,bayes,0.16129032258064516,0.16129032258064516,17,0.6,0.6,0.0,
31,0.1935483870967742,0.8064516129032258,0.0,0.16666666666666666,0.16,0.16129032258064516,risktriage,0.16129032258064516,0.16129032258064516,17,0.6,0.6,0.0,0.0
31,0.1935483870967742,0.8064516129032258,0.0,0.16666666666666666,0.16,0.16129032258064516,rac_interval,0.16129032258064516,0.16129032258064516,17,0.6,,,0.0
31,0.1935483870967742,0.8064516129032258,0.0,0.16666666666666666,0.16,0.16129032258064516,rac_interval_cost,0.16129032258064516,0.16129032258064516,17,0.6,,,0.0
31,0.1935483870967742,0.8064516129032258,0.0,0.16666666666666666,0.16,0.16129032258064516,bayes,0.16129032258064516,0.16129032258064516,17,0.8,0.8,0.0,
31,0.1935483870967742,0.8064516129032258,0.0,0.16666666666666666,0.16,0.16129032258064516,risktriage,0.16129032258064516,0.16129032258064516,17,0.8,0.8,0.0,0.0
31,0.1935483870967742,0.8064516129032258,0.0,0.16666666666666666,0.16,0.16129032258064516,rac_interval,0.16129032258064516,0.16129032258064516,17,0.8,,,0.0
31,0.1935483870967742,0.8064516129032258,0.0,0.16666666666666666,0.16,0.16129032258064516,rac_interval_cost,0.16129032258064516,0.16129032258064516,17,0.8,,,0.0
31,0.3548387096774194,0.4838709677419355,0.16129032258064516,0.09090909090909091,0.06666666666666667,0.06451612903225806,bayes,0.06451612903225806,0.0661290322580645,18,0.01,0.01,1.0,
31,0.2903225806451613,0.45161290322580644,0.25806451612903225,0.1111111111111111,0.07142857142857142,0.06451612903225806,risktriage,0.06451612903225806,0.06709677419354838,18,0.01,0.01,1.0,2.4854923911519307
31,0.3225806451612903,0.45161290322580644,0.22580645161290322,0.1,0.07142857142857142,0.06451612903225806,rac_interval,0.06451612903225806,0.06677419354838711,18,0.01,,,5.743896791690804
31,0.3225806451612903,0.45161290322580644,0.22580645161290322,0.1,0.07142857142857142,0.06451612903225806,rac_interval_cost,0.06451612903225806,0.06677419354838711,18,0.01,,,5.743896791690804
31,0.3870967741935484,0.4838709677419355,0.12903225806451613,0.08333333333333333,0.06666666666666667,0.06451612903225806,bayes,0.06451612903225806,0.06774193548387096,18,0.025,0.025,1.0,
31,0.3225806451612903,0.45161290322580644,0.22580645161290322,0.1,0.07142857142857142,0.06451612903225806,risktriage,0.06451612903225806,0.07016129032258064,18,0.025,0.025,1.0,2.8578853549555343
31,0.3225806451612903,0.45161290322580644,0.22580645161290322,0.1,0.07142857142857142,0.06451612903225806,rac_interval,0.06451612903225806,0.07016129032258064,18,0.025,,,5.743896791690804
31,0.3225806451612903,0.45161290322580644,0.22580645161290322,0.1,0.07142857142857142,0.06451612903225806,rac_interval_cost,0.06451612903225806,0.07016129032258064,18,0.025,,,5.743896791690804
31,0.3870967741935484,0.4838709677419355,0.12903225806451613,0.08333333333333333,0.06666666666666667,0.06451612903225806,bayes,0.06451612903225806,0.07096774193548387,18,0.05,0.05,1.0,
31,0.3225806451612903,0.45161290322580644,0.22580645161290322,0.1,0.07142857142857142,0.06451612903225806,risktriage,0.06451612903225806,0.07580645161290323,18,0.05,0.05,1.0,3.286072703800953
31,0.3225806451612903,0.45161290322580644,0.22580645161290322,0.1,0.07142857142857142,0.06451612903225806,rac_interval,0.06451612903225806,0.07580645161290323,18,0.05,,,5.743896791690804
31,0.3225806451612903,0.45161290322580644,0.22580645161290322,0.1,0.07142857142857142,0.06451612903225806,rac_interval_cost,0.06451612903225806,0.07580645161290323,18,0.05,,,5.743896791690804
31,0.41935483870967744,0.4838709677419355,0.0967741935483871,0.15384615384615385,0.06666666666666667,0.0967741935483871,bayes,0.0967741935483871,0.10645161290322581,18,0.1,0.1,1.0,
31,0.3225806451612903,0.45161290322580644,0.22580645161290322,0.1,0.07142857142857142,0.06451612903225806,risktriage,0.06451612903225806,0.08709677419354839,18,0.1,0.1,1.0,4.3445209702135195
31,0.3225806451612903,0.45161290322580644,0.22580645161290322,0.1,0.07142857142857142,0.06451612903225806,rac_interval,0.06451612903225806,0.08709677419354839,18,0.1,,,5.743896791690804
31,0.3225806451612903,0.45161290322580644,0.22580645161290322,0.1,0.07142857142857142,0.06451612903225806,rac_interval_cost,0.06451612903225806,0.08709677419354839,18,0.1,,,5.743896791690804
31,0.45161290322580644,0.4838709677419355,0.06451612903225806,0.21428571428571427,0.06666666666666667,0.12903225806451613,bayes,0.12903225806451613,0.14193548387096774,18,0.2,0.2,1.0,
31,0.3225806451612903,0.45161290322580644,0.22580645161290322,0.1,0.07142857142857142,0.06451612903225806,risktriage,0.06451612903225806,0.10967741935483871,18,0.2,0.2,1.0,6.604485525598941
31,0.3225806451612903,0.45161290322580644,0.22580645161290322,0.1,0.07142857142857142,0.06451612903225806,rac_interval,0.06451612903225806,0.10967741935483871,18,0.2,,,5.743896791690804
31,0.3225806451612903,0.45161290322580644,0.22580645161290322,0.1,0.07142857142857142,0.06451612903225806,rac_interval_cost,0.06451612903225806,0.10967741935483871,18,0.2,,,5.743896791690804
31,0.45161290322580644,0.4838709677419355,0.06451612903225806,0.21428571428571427,0.06666666666666667,0.12903225806451613,bayes,0.12903225806451613,0.15483870967741936,18,0.4,0.4,1.0,
31,0.2903225806451613,0.45161290322580644,0.25806451612903225,0.1111111111111111,0.07142857142857142,0.06451612903225806,risktriage,0.06451612903225806,0.16774193548387095,18,0.4,0.4,1.0,23.202259374189044
31,0.3225806451612903,0.45161290322580644,0.22580645161290322,0.1,0.07142857142857142,0.06451612903225806,rac_interval,0.06451612903225806,0.15483870967741936,18,0.4,,,5.743896791690804
31,0.3225806451612903,0.45161290322580644,0.22580645161290322,0.1,0.07142857142857142,0.06451612903225806,rac_interval_cost,0.06451612903225806,0.15483870967741936,18,0.4,,,5.743896791690804
31,0.4838709677419355,0.5161290322580645,0.0,0.2,0.125,0.16129032258064516,bayes,0.16129032258064516,0.16129032258064516,18,0.6,0.6,0.0,
31,0.4838709677419355,0.5161290322580645,0.0,0.2,0.125,0.16129032258064516,risktriage,0.16129032258064516,0.16129032258064516,18,0.6,0.6,0.0,61.653371679405296
31,0.3225806451612903,0.45161290322580644,0.22580645161290322,0.1,0.07142857142857142,0.06451612903225806,rac_interval,0.06451612903225806,0.2,18,0.6,,,5.743896791690804
31,0.4838709677419355,0.5161290322580645,0.0,0.2,0.125,0.16129032258064516,rac_interval_cost,0.16129032258064516,0.16129032258064516,18,0.6,,,5.743896791690804
31,0.4838709677419355,0.5161290322580645,0.0,0.2,0.125,0.16129032258064516,bayes,0.16129032258064516,0.16129032258064516,18,0.8,0.8,0.0,
31,0.4838709677419355,0.5161290322580645,0.0,0.2,0.125,0.16129032258064516,risktriage,0.16129032258064516,0.16129032258064516,18,0.8,0.8,0.0,61.653371679405296
31,0.3225806451612903,0.45161290322580644,0.22580645161290322,0.1,0.07142857142857142,0.06451612903225806,rac_interval,0.06451612903225806,0.24516129032258066,18,0.8,,,5.743896791690804
31,0.4838709677419355,0.5161290322580645,0.0,0.2,0.125,0.16129032258064516,rac_interval_cost,0.16129032258064516,0.16129032258064516,18,0.8,,,5.743896791690804
32,0.15625,0.78125,0.0625,0.2,0.04,0.0625,bayes,0.0625,0.063125,19,0.01,0.01,1.0,
32,0.15625,0.84375,0.0,0.2,0.07407407407407407,0.09375,risktriage,0.09375,0.09375,19,0.01,0.01,1.0,0.0
32,0.15625,0.84375,0.0,0.2,0.07407407407407407,0.09375,rac_interval,0.09375,0.09375,19,0.01,,,0.0
32,0.15625,0.84375,0.0,0.2,0.07407407407407407,0.09375,rac_interval_cost,0.09375,0.09375,19,0.01,,,0.0
32,0.15625,0.78125,0.0625,0.2,0.04,0.0625,bayes,0.0625,0.0640625,19,0.025,0.025,1.0,
32,0.15625,0.84375,0.0,0.2,0.07407407407407407,0.09375,risktriage,0.09375,0.09375,19,0.025,0.025,1.0,0.0
32,0.15625,0.84375,0.0,0.2,0.07407407407407407,0.09375,rac_interval,0.09375,0.09375,19,0.025,,,0.0
32,0.15625,0.84375,0.0,0.2,0.07407407407407407,0.09375,rac_interval_cost,0.09375,0.09375,19,0.025,,,0.0
32,0.15625,0.78125,0.0625,0.2,0.04,0.0625,bayes,0.0625,0.065625,19,0.05,0.05,1.0,
32,0.15625,0.84375,0.0,0.2,0.07407407407407407,0.09375,risktriage,0.09375,0.09375,19,0.05,0.05,1.0,0.0
32,0.15625,0.84375,0.0,0.2,0.07407407407407407,0.09375,rac_interval,0.09375,0.09375,19,0.05,,,0.0
32,0.15625,0.84375,0.0,0.2,0.07407407407407407,0.09375,rac_interval_cost,0.09375,0.09375,19,0.05,,,0.0
32,0.15625,0.8125,0.03125,0.2,0.07692307692307693,0.09375,bayes,0.09375,0.096875,19,0.1,0.1,1.0,
32,0.15625,0.84375,0.0,0.2,0.07407407407407407,0.09375,risktriage,0.09375,0.09375,19,0.1,0.1,1.0,0.0
32,0.15625,0.84375,0.0,0.2,0.07407407407407407,0.09375,rac_interval,0.09375,0.09375,19,0.1,,,0.0
32,0.15625,0.84375,0.0,0.2,0.07407407407407407,0.09375,rac_interval_cost,0.09375,0.09375,19,0.1,,,0.0
32,0.15625,0.84375,0.0,0.2,0.07407407407407407,0.09375,bayes,0.09375,0.09375,19,0.2,0.2,1.0,
32,0.15625,0.84375,0.0,0.2,0.07407407407407407,0.09375,risktriage,0.09375,0.09375,19,0.2,0.2,1.0,0.0
32,0.15625,0.84375,0.0,0.2,0.07407407407407407,0.09375,rac_interval,0.09375,0.09375,19,0.2,,,0.0
32,0.15625,0.84375,0.0,0.2,0.07407407407407407,0.09375,rac_interval_cost,0.09375,0.09375,19,0.2,,,0.0
32,0.15625,0.84375,0.0,0.2,0.07407407407407407,0.09375,bayes,0.09375,0.09375,19,0.4,0.4,1.0,
32,0.15625,0.84375,0.0,0.2,0.07407407407407407,0.09375,risktriage,0.09375,0.09375,19,0.4,0.4,1.0,0.0
32,0.15625,0.84375,0.0,0.2,0.07407407407407407,0.09375,rac_interval,0.09375,0.09375,19,0.4,,,0.0
32,0.15625,0.84375,0.0,0.2,0.07407407407407407,0.09375,rac_interval_cost,0.09375,0.09375,19,0.4,,,0.0
32,0.15625,0.84375,0.0,0.2,0.07407407407407407,0.09375,bayes,0.09375,0.09375,19,0.6,0.6,0.0,
32,0.15625,0.84375,0.0,0.2,0.07407407407407407,0.09375,risktriage,0.09375,0.09375,19,0.6,0.6,0.0,0.0
32,0.15625,0.84375,0.0,0.2,0.07407407407407407,0.09375,rac_interval,0.09375,0.09375,19,0.6,,,0.0
32,0.15625,0.84375,0.0,0.2,0.07407407407407407,0.09375,rac_interval_cost,0.09375,0.09375,19,0.6,,,0.0
32,0.15625,0.84375,0.0,0.2,0.07407407407407407,0.09375,bayes,0.09375,0.09375,19,0.8,0.8,0.0,
32,0.15625,0.84375,0.0,0.2,0.07407407407407407,0.09375,risktriage,0.09375,0.09375,19,0.8,0.8,0.0,0.0
32,0.15625,0.84375,0.0,0.2,0.07407407407407407,0.09375,rac_interval,0.09375,0.09375,19,0.8,,,0.0
32,0.15625,0.84375,0.0,0.2,0.07407407407407407,0.09375,rac_interval_cost,0.09375,0.09375,19,0.8,,,0.0
