n,p_trust,p_drop,p_test,false_trust,false_drop,wrong_nontest,method,triage_risk,full_risk,seed,coverage,width
30,0.43333333333333335,0.5333333333333333,0.03333333333333333,0.23076923076923078,0.1875,0.2,uncalibrated,0.2,0.20666666666666667,0,0.16666666666666666,0.0489974657601029
30,0.43333333333333335,0.5666666666666667,0.0,0.23076923076923078,0.23529411764705882,0.23333333333333334,point,0.23333333333333334,0.23333333333333334,0,0.16666666666666666,0.0489974657601029
30,0.03333333333333333,0.13333333333333333,0.8333333333333334,0.0,0.0,0.0,split_cp,0.0,0.16666666666666669,0,0.9666666666666667,0.657103691914703
30,0.43333333333333335,0.5,0.06666666666666667,0.23076923076923078,0.2,0.2,crc,0.2,0.21333333333333335,0,0.16666666666666666,0.0489974657601029
30,0.43333333333333335,0.5,0.06666666666666667,0.23076923076923078,0.2,0.2,rac,0.2,0.21333333333333335,0,0.16666666666666666,0.0489974657601029
32,0.28125,0.71875,0.0,0.2222222222222222,0.043478260869565216,0.09375,uncalibrated,0.09375,0.09375,1,0.03125,0.007816239603195827
32,0.28125,0.71875,0.0,0.2222222222222222,0.043478260869565216,0.09375,point,0.09375,0.09375,1,0.03125,0.007816239603195827
32,0.0625,0.25,0.6875,0.0,0.0,0.0,split_cp,0.0,0.1375,1,0.9375,0.5953711090142735
32,0.28125,0.71875,0.0,0.2222222222222222,0.043478260869565216,0.09375,crc,0.09375,0.09375,1,0.03125,0.007816239603195827
32,0.28125,0.71875,0.0,0.2222222222222222,0.043478260869565216,0.09375,rac,0.09375,0.09375,1,0.03125,0.007816239603195827
31,0.3225806451612903,0.6774193548387096,0.0,0.1,0.09523809523809523,0.0967741935483871,uncalibrated,0.0967741935483871,0.0967741935483871,2,0.6774193548387096,0.25919135521226894
31,0.3225806451612903,0.6774193548387096,0.0,0.1,0.09523809523809523,0.0967741935483871,point,0.0967741935483871,0.0967741935483871,2,0.6774193548387096,0.25919135521226894
31,0.03225806451612903,0.16129032258064516,0.8064516129032258,0.0,0.0,0.0,split_cp,0.0,0.16129032258064518,2,0.9032258064516129,0.7140192859654431
31,0.16129032258064516,0.4838709677419355,0.3548387096774194,0.0,0.06666666666666667,0.03225806451612903,crc,0.03225806451612903,0.1032258064516129,2,0.6774193548387096,0.25919135521226894
31,0.16129032258064516,0.4838709677419355,0.3548387096774194,0.0,0.06666666666666667,0.03225806451612903,rac,0.03225806451612903,0.1032258064516129,2,0.6774193548387096,0.25919135521226894
29,0.3448275862068966,0.5862068965517241,0.06896551724137931,0.4,0.17647058823529413,0.2413793103448276,uncalibrated,0.2413793103448276,0.25517241379310346,3,0.13793103448275862,0.04141438662471663
29,0.41379310344827586,0.5862068965517241,0.0,0.4166666666666667,0.17647058823529413,0.27586206896551724,point,0.27586206896551724,0.27586206896551724,3,0.13793103448275862,0.04141438662471663
29,0.034482758620689655,0.1724137931034483,0.7931034482758621,0.0,0.0,0.0,split_cp,0.0,0.15862068965517243,3,0.9310344827586207,0.5396540314993798
29,0.3448275862068966,0.5517241379310345,0.10344827586206896,0.4,0.125,0.20689655172413793,crc,0.20689655172413793,0.22758620689655173,3,0.13793103448275862,0.04141438662471663
29,0.3448275862068966,0.5517241379310345,0.10344827586206896,0.4,0.125,0.20689655172413793,rac,0.20689655172413793,0.22758620689655173,3,0.13793103448275862,0.04141438662471663
31,0.1935483870967742,0.7419354838709677,0.06451612903225806,0.0,0.17391304347826086,0.12903225806451613,uncalibrated,0.12903225806451613,0.14193548387096774,4,0.0,0.0
31,0.1935483870967742,0.8064516129032258,0.0,0.0,0.24,0.1935483870967742,point,0.1935483870967742,0.1935483870967742,4,0.0,0.0
31,0.0,0.16129032258064516,0.8387096774193549,,0.0,0.0,split_cp,0.0,0.167741935483871,4,1.0,0.7101441837949252
31,0.1935483870967742,0.8064516129032258,0.0,0.0,0.24,0.1935483870967742,crc,0.1935483870967742,0.1935483870967742,4,0.0,0.0
31,0.1935483870967742,0.8064516129032258,0.0,0.0,0.24,0.1935483870967742,rac,0.1935483870967742,0.1935483870967742,4,0.0,0.0
29,0.1724137931034483,0.7931034482758621,0.034482758620689655,0.0,0.043478260869565216,0.034482758620689655,uncalibrated,0.034482758620689655,0.041379310344827586,5,0.0,0.009281759218288704
29,0.1724137931034483,0.8275862068965517,0.0,0.0,0.08333333333333333,0.06896551724137931,point,0.06896551724137931,0.06896551724137931,5,0.0,0.009281759218288704
29,0.0,0.1724137931034483,0.8275862068965517,,0.0,0.0,split_cp,0.0,0.16551724137931037,5,0.9310344827586207,0.6778057506421611
29,0.1724137931034483,0.7931034482758621,0.034482758620689655,0.0,0.043478260869565216,0.034482758620689655,crc,0.034482758620689655,0.041379310344827586,5,0.0,0.009281759218288704
29,0.1724137931034483,0.7931034482758621,0.034482758620689655,0.0,0.043478260869565216,0.034482758620689655,rac,0.034482758620689655,0.041379310344827586,5,0.0,0.009281759218288704
31,0.25806451612903225,0.7419354838709677,0.0,0.125,0.17391304347826086,0.16129032258064516,uncalibrated,0.16129032258064516,0.16129032258064516,6,0.0,0.0
31,0.25806451612903225,0.7419354838709677,0.0,0.125,0.17391304347826086,0.16129032258064516,point,0.16129032258064516,0.16129032258064516,6,0.0,0.0
31,0.0,0.1935483870967742,0.8064516129032258,,0.0,0.0,split_cp,0.0,0.16129032258064518,6,0.967741935483871,0.6332300518990831
31,0.25806451612903225,0.7419354838709677,0.0,0.125,0.17391304347826086,0.16129032258064516,crc,0.16129032258064516,0.16129032258064516,6,0.0,0.0
31,0.25806451612903225,0.7419354838709677,0.0,0.125,0.17391304347826086,0.16129032258064516,rac,0.16129032258064516,0.16129032258064516,6,0.0,0.0
32,0.15625,0.8125,0.03125,0.4,0.07692307692307693,0.125,uncalibrated,0.125,0.13125,7,0.0,0.0
32,0.1875,0.8125,0.0,0.3333333333333333,0.07692307692307693,0.125,point,0.125,0.125,7,0.0,0.0
32,0.0,0.21875,0.78125,,0.0,0.0,split_cp,0.0,0.15625000000000003,7,0.96875,0.8099476362477352
32,0.1875,0.8125,0.0,0.3333333333333333,0.07692307692307693,0.125,crc,0.125,0.125,7,0.0,0.0
32,0.1875,0.8125,0.0,0.3333333333333333,0.07692307692307693,0.125,rac,0.125,0.125,7,0.0,0.0
30,0.2,0.7666666666666667,0.03333333333333333,0.16666666666666666,0.08695652173913043,0.1,uncalibrated,0.1,0.10666666666666667,8,0.2,0.052997860604762116
30,0.23333333333333334,0.7666666666666667,0.0,0.2857142857142857,0.08695652173913043,0.13333333333333333,point,0.13333333333333333,0.13333333333333333,8,0.2,0.052997860604762116
30,0.06666666666666667,0.26666666666666666,0.6666666666666666,0.0,0.0,0.0,split_cp,0.0,0.13333333333333336,8,0.9333333333333333,0.6974033689315302
30,0.2,0.6333333333333333,0.16666666666666666,0.16666666666666666,0.0,0.03333333333333333,crc,0.03333333333333333,0.06666666666666667,8,0.2,0.052997860604762116
30,0.2,0.6333333333333333,0.16666666666666666,0.16666666666666666,0.0,0.03333333333333333,rac,0.03333333333333333,0.06666666666666667,8,0.2,0.052997860604762116
31,0.3225806451612903,0.6774193548387096,0.0,0.2,0.23809523809523808,0.22580645161290322,uncalibrated,0.22580645161290322,0.22580645161290322,9,0.0,0.0
31,0.3225806451612903,0.6774193548387096,0.0,0.2,0.23809523809523808,0.22580645161290322,point,0.22580645161290322,0.22580645161290322,9,0.0,0.0
31,0.06451612903225806,0.12903225806451613,0.8064516129032258,0.0,0.0,0.0,split_cp,0.0,0.16129032258064518,9,0.9354838709677419,0.46576532328148756
31,0.3225806451612903,0.6774193548387096,0.0,0.2,0.23809523809523808,0.22580645161290322,crc,0.22580645161290322,0.22580645161290322,9,0.0,0.0
31,0.3225806451612903,0.6774193548387096,0.0,0.2,0.23809523809523808,0.22580645161290322,rac,0.22580645161290322,0.22580645161290322,9,0.0,0.0
30,0.0,0.9666666666666667,0.03333333333333333,,0.034482758620689655,0.03333333333333333,uncalibrated,0.03333333333333333,0.04,10,0.0,0.0
30,0.0,1.0,0.0,,0.06666666666666667,0.06666666666666667,point,0.06666666666666667,0.06666666666666667,10,0.0,0.0
30,0.0,0.26666666666666666,0.7333333333333333,,0.0,0.0,split_cp,0.0,0.1466666666666667,10,0.9666666666666667,0.6614151476244106
30,0.0,1.0,0.0,,0.06666666666666667,0.06666666666666667,crc,0.06666666666666667,0.06666666666666667,10,0.0,0.0
30,0.0,1.0,0.0,,0.06666666666666667,0.06666666666666667,rac,0.06666666666666667,0.06666666666666667,10,0.0,0.0
31,0.2903225806451613,0.7096774193548387,0.0,0.1111111111111111,0.0,0.03225806451612903,uncalibrated,0.03225806451612903,0.03225806451612903,11,0.0,0.0
31,0.2903225806451613,0.7096774193548387,0.0,0.1111111111111111,0.0,0.03225806451612903,point,0.03225806451612903,0.03225806451612903,11,0.0,0.0
31,0.06451612903225806,0.45161290322580644,0.4838709677419355,0.0,0.0,0.0,split_cp,0.0,0.09677419354838712,11,0.9354838709677419,0.3559287074292191
31,0.2903225806451613,0.7096774193548387,0.0,0.1111111111111111,0.0,0.03225806451612903,crc,0.03225806451612903,0.03225806451612903,11,0.0,0.0
31,0.2903225806451613,0.7096774193548387,0.0,0.1111111111111111,0.0,0.03225806451612903,rac,0.03225806451612903,0.03225806451612903,11,0.0,0.0
30,0.2,0.8,0.0,0.3333333333333333,0.16666666666666666,0.2,uncalibrated,0.2,0.2,12,0.0,0.0
30,0.2,0.8,0.0,0.3333333333333333,0.16666666666666666,0.2,point,0.2,0.2,12,0.0,0.0
30,0.0,0.2,0.8,,0.0,0.0,split_cp,0.0,0.16000000000000006,12,0.9666666666666667,0.6510991106681062
30,0.2,0.8,0.0,0.3333333333333333,0.16666666666666666,0.2,crc,0.2,0.2,12,0.0,0.0
30,0.2,0.8,0.0,0.3333333333333333,0.16666666666666666,0.2,rac,0.2,0.2,12,0.0,0.0
30,0.4,0.6,0.0,0.16666666666666666,0.0,0.06666666666666667,uncalibrated,0.06666666666666667,0.06666666666666667,13,0.6,0.16173116408960717
30,0.4,0.6,0.0,0.16666666666666666,0.0,0.06666666666666667,point,0.06666666666666667,0.06666666666666667,13,0.6,0.16173116408960717
30,0.0,0.13333333333333333,0.8666666666666667,,0.0,0.0,split_cp,0.0,0.17333333333333337,13,1.0,0.6814469880327182
30,0.2,0.5666666666666667,0.23333333333333334,0.0,0.0,0.0,crc,0.0,0.04666666666666666,13,0.6,0.16173116408960717
30,0.2,0.5666666666666667,0.23333333333333334,0.0,0.0,0.0,rac,0.0,0.04666666666666666,13,0.6,0.16173116408960717
31,0.2903225806451613,0.7096774193548387,0.0,0.1111111111111111,0.045454545454545456,0.06451612903225806,uncalibrated,0.06451612903225806,0.06451612903225806,14,0.6129032258064516,0.15111591435039767
31,0.2903225806451613,0.7096774193548387,0.0,0.1111111111111111,0.045454545454545456,0.06451612903225806,point,0.06451612903225806,0.06451612903225806,14,0.6129032258064516,0.15111591435039767
31,0.03225806451612903,0.16129032258064516,0.8064516129032258,0.0,0.0,0.0,split_cp,0.0,0.16129032258064518,14,0.9354838709677419,0.6469916801991991
31,0.12903225806451613,0.5806451612903226,0.2903225806451613,0.0,0.0,0.0,crc,0.0,0.05806451612903226,14,0.6129032258064516,0.15111591435039767
31,0.12903225806451613,0.5806451612903226,0.2903225806451613,0.0,0.0,0.0,rac,0.0,0.05806451612903226,14,0.6129032258064516,0.15111591435039767
31,0.22580645161290322,0.7741935483870968,0.0,0.42857142857142855,0.125,0.1935483870967742,uncalibrated,0.1935483870967742,0.1935483870967742,15,0.0,0.0
31,0.22580645161290322,0.7741935483870968,0.0,0.42857142857142855,0.125,0.1935483870967742,point,0.1935483870967742,0.1935483870967742,15,0.0,0.0
31,0.03225806451612903,0.1935483870967742,0.7741935483870968,0.0,0.0,0.0,split_cp,0.0,0.15483870967741942,15,0.967741935483871,0.6227104051353125
31,0.22580645161290322,0.7741935483870968,0.0,0.42857142857142855,0.125,0.1935483870967742,crc,0.1935483870967742,0.1935483870967742,15,0.0,0.0
31,0.22580645161290322,0.7741935483870968,0.0,0.42857142857142855,0.125,0.1935483870967742,rac,0.1935483870967742,0.1935483870967742,15,0.0,0.0
32,0.09375,0.90625,0.0,0.3333333333333333,0.13793103448275862,0.15625,uncalibrated,0.15625,0.15625,16,0.0,0.0
32,0.09375,0.90625,0.0,0.3333333333333333,0.13793103448275862,0.15625,point,0.15625,0.15625,16,0.0,0.0
32,0.0625,0.25,0.6875,0.0,0.0,0.0,split_cp,0.0,0.1375,16,0.9375,0.5974697325364042
32,0.09375,0.90625,0.0,0.3333333333333333,0.13793103448275862,0.15625,crc,0.15625,0.15625,16,0.0,0.0
32,0.09375,0.90625,0.0,0.3333333333333333,0.13793103448275862,0.15625,rac,0.15625,0.15625,16,0.0,0.0
31,0.16129032258064516,0.8064516129032258,0.03225806451612903,0.0,0.16,0.12903225806451613,uncalibrated,0.12903225806451613,0.13548387096774195,17,0.0,0.0
31,0.1935483870967742,0.8064516129032258,0.0,0.16666666666666666,0.16,0.16129032258064516,point,0.16129032258064516,0.16129032258064516,17,0.0,0.0
31,0.06451612903225806,0.3548387096774194,0.5806451612903226,0.0,0.09090909090909091,0.03225806451612903,split_cp,0.03225806451612903,0.14838709677419357,17,0.8064516129032258,0.3462622622679316
31,0.1935483870967742,0.8064516129032258,0.0,0.16666666666666666,0.16,0.16129032258064516,crc,0.16129032258064516,0.16129032258064516,17,0.0,0.0
31,0.1935483870967742,0.8064516129032258,0.0,0.16666666666666666,0.16,0.16129032258064516,rac,0.16129032258064516,0.16129032258064516,17,0.0,0.0
31,0.45161290322580644,0.4838709677419355,0.06451612903225806,0.21428571428571427,0.06666666666666667,0.12903225806451613,uncalibrated,0.12903225806451613,0.14193548387096774,18,0.3225806451612903,0.07253236919045658
31,0.4838709677419355,0.5161290322580645,0.0,0.2,0.125,0.16129032258064516,point,0.16129032258064516,0.16129032258064516,18,0.3225806451612903,0.07253236919045658
31,0.06451612903225806,0.22580645161290322,0.7096774193548387,0.0,0.14285714285714285,0.03225806451612903,split_cp,0.03225806451612903,0.17419354838709677,18,0.8387096774193549,0.42971698017830684
31,0.3225806451612903,0.45161290322580644,0.22580645161290322,0.1,0.07142857142857142,0.06451612903225806,crc,0.06451612903225806,0.10967741935483871,18,0.3225806451612903,0.07253236919045658
31,0.3225806451612903,0.45161290322580644,0.22580645161290322,0.1,0.07142857142857142,0.06451612903225806,rac,0.06451612903225806,0.10967741935483871,18,0.3225806451612903,0.07253236919045658
32,0.15625,0.84375,0.0,0.2,0.07407407407407407,0.09375,uncalibrated,0.09375,0.09375,19,0.0,0.0
32,0.15625,0.84375,0.0,0.2,0.07407407407407407,0.09375,point,0.09375,0.09375,19,0.0,0.0
32,0.0,0.28125,0.71875,,0.0,0.0,split_cp,0.0,0.14375000000000002,19,1.0,0.571384889874053
32,0.15625,0.84375,0.0,0.2,0.07407407407407407,0.09375,crc,0.09375,0.09375,19,0.0,0.0
32,0.15625,0.84375,0.0,0.2,0.07407407407407407,0.09375,rac,0.09375,0.09375,19,0.0,0.0
