n,p_trust,p_drop,p_test,false_trust,false_drop,wrong_nontest,method,triage_risk,full_risk,seed,param,coverage
30,0.43333333333333335,0.5,0.06666666666666667,0.23076923076923078,0.2,0.2,prob_threshold,0.2,0.21333333333333335,0,0.05,
30,0.43333333333333335,0.5,0.06666666666666667,0.23076923076923078,0.2,0.2,prob_threshold,0.2,0.21333333333333335,0,0.1,
30,0.43333333333333335,0.5,0.06666666666666667,0.23076923076923078,0.2,0.2,prob_threshold,0.2,0.21333333333333335,0,0.15000000000000002,
30,0.43333333333333335,0.5333333333333333,0.03333333333333333,0.23076923076923078,0.1875,0.2,prob_threshold,0.2,0.20666666666666667,0,0.2,
30,0.43333333333333335,0.5333333333333333,0.03333333333333333,0.23076923076923078,0.1875,0.2,prob_threshold,0.2,0.20666666666666667,0,0.25,
30,0.43333333333333335,0.5333333333333333,0.03333333333333333,0.23076923076923078,0.1875,0.2,prob_threshold,0.2,0.20666666666666667,0,0.3,
30,0.43333333333333335,0.5333333333333333,0.03333333333333333,0.23076923076923078,0.1875,0.2,prob_threshold,0.2,0.20666666666666667,0,0.35000000000000003,
30,0.43333333333333335,0.5333333333333333,0.03333333333333333,0.23076923076923078,0.1875,0.2,prob_threshold,0.2,0.20666666666666667,0,0.4,
30,0.43333333333333335,0.5666666666666667,0.0,0.23076923076923078,0.23529411764705882,0.23333333333333334,prob_threshold,0.23333333333333334,0.23333333333333334,0,0.45,
30,0.43333333333333335,0.4666666666666667,0.1,0.23076923076923078,0.14285714285714285,0.16666666666666666,uncertainty,0.16666666666666666,0.18666666666666665,0,0.1,
30,0.36666666666666664,0.43333333333333335,0.2,0.18181818181818182,0.15384615384615385,0.13333333333333333,uncertainty,0.13333333333333333,0.1733333333333333,0,0.2,
30,0.26666666666666666,0.43333333333333335,0.3,0.125,0.15384615384615385,0.1,uncertainty,0.1,0.16,0,0.30000000000000004,
30,0.26666666666666666,0.3333333333333333,0.4,0.125,0.2,0.1,uncertainty,0.1,0.18000000000000002,0,0.4,
30,0.16666666666666666,0.3333333333333333,0.5,0.0,0.2,0.06666666666666667,uncertainty,0.06666666666666667,0.16666666666666669,0,0.5,
30,0.06666666666666667,0.3333333333333333,0.6,0.0,0.2,0.06666666666666667,uncertainty,0.06666666666666667,0.18666666666666668,0,0.6,
30,0.06666666666666667,0.23333333333333334,0.7,0.0,0.0,0.0,uncertainty,0.0,0.14000000000000004,0,0.7000000000000001,
30,0.06666666666666667,0.13333333333333333,0.8,0.0,0.0,0.0,uncertainty,0.0,0.16000000000000003,0,0.8,
30,0.03333333333333333,0.06666666666666667,0.9,0.0,0.0,0.0,uncertainty,0.0,0.18000000000000005,0,0.9,
30,0.03333333333333333,0.13333333333333333,0.8333333333333334,0.0,0.0,0.0,split_cp,0.0,0.16666666666666669,0,0.05,0.9666666666666667
30,0.03333333333333333,0.13333333333333333,0.8333333333333334,0.0,0.0,0.0,split_cp,0.0,0.16666666666666669,0,0.1,0.9666666666666667
30,0.1,0.23333333333333334,0.6666666666666666,0.0,0.14285714285714285,0.03333333333333333,split_cp,0.03333333333333333,0.16666666666666669,0,0.2,0.7333333333333333
30,0.2,0.36666666666666664,0.43333333333333335,0.0,0.18181818181818182,0.06666666666666667,split_cp,0.06666666666666667,0.15333333333333335,0,0.3,0.36666666666666664
30,0.13333333333333333,0.3,0.5666666666666667,0.0,0.1111111111111111,0.03333333333333333,crc,0.03333333333333333,0.14666666666666667,0,0.05,0.6666666666666666
30,0.13333333333333333,0.3,0.5666666666666667,0.0,0.1111111111111111,0.03333333333333333,rac,0.03333333333333333,0.14666666666666667,0,0.05,0.6666666666666666
30,0.3333333333333333,0.43333333333333335,0.23333333333333334,0.2,0.15384615384615385,0.13333333333333333,crc,0.13333333333333333,0.18,0,0.1,0.23333333333333334
30,0.3333333333333333,0.43333333333333335,0.23333333333333334,0.2,0.15384615384615385,0.13333333333333333,rac,0.13333333333333333,0.18,0,0.1,0.23333333333333334
30,0.43333333333333335,0.5,0.06666666666666667,0.23076923076923078,0.2,0.2,crc,0.2,0.21333333333333335,0,0.15,0.16666666666666666
30,0.43333333333333335,0.5,0.06666666666666667,0.23076923076923078,0.2,0.2,rac,0.2,0.21333333333333335,0,0.15,0.16666666666666666
30,0.43333333333333335,0.5,0.06666666666666667,0.23076923076923078,0.2,0.2,crc,0.2,0.21333333333333335,0,0.2,0.16666666666666666
30,0.43333333333333335,0.5,0.06666666666666667,0.23076923076923078,0.2,0.2,rac,0.2,0.21333333333333335,0,0.2,0.16666666666666666
30,0.43333333333333335,0.5666666666666667,0.0,0.23076923076923078,0.23529411764705882,0.23333333333333334,crc,0.23333333333333334,0.23333333333333334,0,0.3,0.0
30,0.43333333333333335,0.5666666666666667,0.0,0.23076923076923078,0.23529411764705882,0.23333333333333334,rac,0.23333333333333334,0.23333333333333334,0,0.3,0.0
30,0.43333333333333335,0.5666666666666667,0.0,0.23076923076923078,0.23529411764705882,0.23333333333333334,crc,0.23333333333333334,0.23333333333333334,0,0.4,0.0
30,0.43333333333333335,0.5666666666666667,0.0,0.23076923076923078,0.23529411764705882,0.23333333333333334,rac,0.23333333333333334,0.23333333333333334,0,0.4,0.0
32,0.28125,0.71875,0.0,0.2222222222222222,0.043478260869565216,0.09375,prob_threshold,0.09375,0.09375,1,0.05,
32,0.28125,0.71875,0.0,0.2222222222222222,0.043478260869565216,0.09375,prob_threshold,0.09375,0.09375,1,0.1,
32,0.28125,0.71875,0.0,0.2222222222222222,0.043478260869565216,0.09375,prob_threshold,0.09375,0.09375,1,0.15000000000000002,
32,0.28125,0.71875,0.0,0.2222222222222222,0.043478260869565216,0.09375,prob_threshold,0.09375,0.09375,1,0.2,
32,0.28125,0.71875,0.0,0.2222222222222222,0.043478260869565216,0.09375,prob_threshold,0.09375,0.09375,1,0.25,
32,0.28125,0.71875,0.0,0.2222222222222222,0.043478260869565216,0.09375,prob_threshold,0.09375,0.09375,1,0.3,
32,0.28125,0.71875,0.0,0.2222222222222222,0.043478260869565216,0.09375,prob_threshold,0.09375,0.09375,1,0.35000000000000003,
32,0.28125,0.71875,0.0,0.2222222222222222,0.043478260869565216,0.09375,prob_threshold,0.09375,0.09375,1,0.4,
32,0.28125,0.71875,0.0,0.2222222222222222,0.043478260869565216,0.09375,prob_threshold,0.09375,0.09375,1,0.45,
32,0.28125,0.625,0.09375,0.2222222222222222,0.0,0.0625,uncertainty,0.0625,0.08125,1,0.1,
32,0.25,0.5625,0.1875,0.25,0.0,0.0625,uncertainty,0.0625,0.1,1,0.2,
32,0.21875,0.5,0.28125,0.2857142857142857,0.0,0.0625,uncertainty,0.0625,0.11875,1,0.30000000000000004,
32,0.15625,0.46875,0.375,0.2,0.0,0.03125,uncertainty,0.03125,0.10625000000000001,1,0.4,
32,0.125,0.375,0.5,0.25,0.0,0.03125,uncertainty,0.03125,0.13125,1,0.5,
32,0.125,0.28125,0.59375,0.25,0.0,0.03125,uncertainty,0.03125,0.15,1,0.6,
32,0.125,0.1875,0.6875,0.25,0.0,0.03125,uncertainty,0.03125,0.16875,1,0.7000000000000001,
32,0.0625,0.15625,0.78125,0.0,0.0,0.0,uncertainty,0.0,0.15625000000000003,1,0.8,
32,0.03125,0.09375,0.875,0.0,0.0,0.0,uncertainty,0.0,0.17500000000000002,1,0.9,
32,0.03125,0.21875,0.75,0.0,0.0,0.0,split_cp,0.0,0.15000000000000002,1,0.05,0.96875
32,0.0625,0.25,0.6875,0.0,0.0,0.0,split_cp,0.0,0.1375,1,0.1,0.9375
32,0.09375,0.5625,0.34375,0.0,0.0,0.0,split_cp,0.0,0.06875,1,0.2,0.6875
32,0.09375,0.59375,0.3125,0.0,0.05263157894736842,0.03125,split_cp,0.03125,0.09375,1,0.3,0.6875
32,0.09375,0.59375,0.3125,0.0,0.05263157894736842,0.03125,crc,0.03125,0.09375,1,0.05,0.6875
32,0.09375,0.59375,0.3125,0.0,0.05263157894736842,0.03125,rac,0.03125,0.09375,1,0.05,0.6875
32,0.1875,0.6875,0.125,0.16666666666666666,0.045454545454545456,0.0625,crc,0.0625,0.08750000000000001,1,0.1,0.34375
32,0.1875,0.6875,0.125,0.16666666666666666,0.045454545454545456,0.0625,rac,0.0625,0.08750000000000001,1,0.1,0.34375
32,0.28125,0.71875,0.0,0.2222222222222222,0.043478260869565216,0.09375,crc,0.09375,0.09375,1,0.15,0.03125
32,0.28125,0.71875,0.0,0.2222222222222222,0.043478260869565216,0.09375,rac,0.09375,0.09375,1,0.15,0.03125
32,0.28125,0.71875,0.0,0.2222222222222222,0.043478260869565216,0.09375,crc,0.09375,0.09375,1,0.2,0.0
32,0.28125,0.71875,0.0,0.2222222222222222,0.043478260869565216,0.09375,rac,0.09375,0.09375,1,0.2,0.0
32,0.28125,0.71875,0.0,0.2222222222222222,0.043478260869565216,0.09375,crc,0.09375,0.09375,1,0.3,0.0
32,0.28125,0.71875,0.0,0.2222222222222222,0.043478260869565216,0.09375,rac,0.09375,0.09375,1,0.3,0.0
32,0.28125,0.71875,0.0,0.2222222222222222,0.043478260869565216,0.09375,crc,0.09375,0.09375,1,0.4,0.0
32,0.28125,0.71875,0.0,0.2222222222222222,0.043478260869565216,0.09375,rac,0.09375,0.09375,1,0.4,0.0
31,0.3225806451612903,0.6774193548387096,0.0,0.1,0.09523809523809523,0.0967741935483871,prob_threshold,0.0967741935483871,0.0967741935483871,2,0.05,
31,0.3225806451612903,0.6774193548387096,0.0,0.1,0.09523809523809523,0.0967741935483871,prob_threshold,0.0967741935483871,0.0967741935483871,2,0.1,
31,0.3225806451612903,0.6774193548387096,0.0,0.1,0.09523809523809523,0.0967741935483871,prob_threshold,0.0967741935483871,0.0967741935483871,2,0.15000000000000002,
31,0.3225806451612903,0.6774193548387096,0.0,0.1,0.09523809523809523,0.0967741935483871,prob_threshold,0.0967741935483871,0.0967741935483871,2,0.2,
31,0.3225806451612903,0.6774193548387096,0.0,0.1,0.09523809523809523,0.0967741935483871,prob_threshold,0.0967741935483871,0.0967741935483871,2,0.25,
31,0.3225806451612903,0.6774193548387096,0.0,0.1,0.09523809523809523,0.0967741935483871,prob_threshold,0.0967741935483871,0.0967741935483871,2,0.3,
31,0.3225806451612903,0.6774193548387096,0.0,0.1,0.09523809523809523,0.0967741935483871,prob_threshold,0.0967741935483871,0.0967741935483871,2,0.35000000000000003,
31,0.3225806451612903,0.6774193548387096,0.0,0.1,0.09523809523809523,0.0967741935483871,prob_threshold,0.0967741935483871,0.0967741935483871,2,0.4,
31,0.3225806451612903,0.6774193548387096,0.0,0.1,0.09523809523809523,0.0967741935483871,prob_threshold,0.0967741935483871,0.0967741935483871,2,0.45,
31,0.3225806451612903,0.5806451612903226,0.0967741935483871,0.1,0.05555555555555555,0.06451612903225806,uncertainty,0.06451612903225806,0.08387096774193549,2,0.1,
31,0.3225806451612903,0.4838709677419355,0.1935483870967742,0.1,0.06666666666666667,0.06451612903225806,uncertainty,0.06451612903225806,0.1032258064516129,2,0.2,
31,0.3225806451612903,0.3870967741935484,0.2903225806451613,0.1,0.08333333333333333,0.06451612903225806,uncertainty,0.06451612903225806,0.12258064516129032,2,0.30000000000000004,
31,0.2903225806451613,0.3225806451612903,0.3870967741935484,0.1111111111111111,0.1,0.06451612903225806,uncertainty,0.06451612903225806,0.14193548387096774,2,0.4,
31,0.25806451612903225,0.25806451612903225,0.4838709677419355,0.0,0.0,0.0,uncertainty,0.0,0.09677419354838712,2,0.5,
31,0.22580645161290322,0.1935483870967742,0.5806451612903226,0.0,0.0,0.0,uncertainty,0.0,0.11612903225806455,2,0.6,
31,0.12903225806451613,0.1935483870967742,0.6774193548387096,0.0,0.0,0.0,uncertainty,0.0,0.13548387096774198,2,0.7000000000000001,
31,0.06451612903225806,0.16129032258064516,0.7741935483870968,0.0,0.0,0.0,uncertainty,0.0,0.1548387096774194,2,0.8,
31,0.03225806451612903,0.0967741935483871,0.8709677419354839,0.0,0.0,0.0,uncertainty,0.0,0.1741935483870968,2,0.9,
31,0.0,0.06451612903225806,0.9354838709677419,,0.0,0.0,split_cp,0.0,0.18709677419354845,2,0.05,1.0
31,0.03225806451612903,0.16129032258064516,0.8064516129032258,0.0,0.0,0.0,split_cp,0.0,0.16129032258064518,2,0.1,0.9032258064516129
31,0.03225806451612903,0.1935483870967742,0.7741935483870968,0.0,0.0,0.0,split_cp,0.0,0.15483870967741942,2,0.2,0.9032258064516129
31,0.16129032258064516,0.3870967741935484,0.45161290322580644,0.0,0.0,0.0,split_cp,0.0,0.09032258064516131,2,0.3,0.7096774193548387
31,0.03225806451612903,0.1935483870967742,0.7741935483870968,0.0,0.0,0.0,crc,0.0,0.15483870967741942,2,0.05,0.9032258064516129
31,0.03225806451612903,0.1935483870967742,0.7741935483870968,0.0,0.0,0.0,rac,0.0,0.15483870967741942,2,0.05,0.9032258064516129
31,0.16129032258064516,0.3870967741935484,0.45161290322580644,0.0,0.0,0.0,crc,0.0,0.09032258064516131,2,0.1,0.7096774193548387
31,0.16129032258064516,0.3870967741935484,0.45161290322580644,0.0,0.0,0.0,rac,0.0,0.09032258064516131,2,0.1,0.7096774193548387
31,0.16129032258064516,0.4838709677419355,0.3548387096774194,0.0,0.06666666666666667,0.03225806451612903,crc,0.03225806451612903,0.1032258064516129,2,0.15,0.6774193548387096
31,0.16129032258064516,0.4838709677419355,0.3548387096774194,0.0,0.06666666666666667,0.03225806451612903,rac,0.03225806451612903,0.1032258064516129,2,0.15,0.6774193548387096
31,0.25806451612903225,0.6129032258064516,0.12903225806451613,0.125,0.05263157894736842,0.06451612903225806,crc,0.06451612903225806,0.09032258064516129,2,0.2,0.3548387096774194
31,0.25806451612903225,0.6129032258064516,0.12903225806451613,0.125,0.05263157894736842,0.06451612903225806,rac,0.06451612903225806,0.09032258064516129,2,0.2,0.3548387096774194
31,0.2903225806451613,0.6451612903225806,0.06451612903225806,0.1111111111111111,0.1,0.0967741935483871,crc,0.0967741935483871,0.10967741935483873,2,0.3,0.1935483870967742
31,0.2903225806451613,0.6451612903225806,0.06451612903225806,0.1111111111111111,0.1,0.0967741935483871,rac,0.0967741935483871,0.10967741935483873,2,0.3,0.1935483870967742
31,0.3225806451612903,0.6774193548387096,0.0,0.1,0.09523809523809523,0.0967741935483871,crc,0.0967741935483871,0.0967741935483871,2,0.4,0.0
31,0.3225806451612903,0.6774193548387096,0.0,0.1,0.09523809523809523,0.0967741935483871,rac,0.0967741935483871,0.0967741935483871,2,0.4,0.0
29,0.3448275862068966,0.5517241379310345,0.10344827586206896,0.4,0.125,0.20689655172413793,prob_threshold,0.20689655172413793,0.22758620689655173,3,0.05,
29,0.3448275862068966,0.5517241379310345,0.10344827586206896,0.4,0.125,0.20689655172413793,prob_threshold,0.20689655172413793,0.22758620689655173,3,0.1,
29,0.3448275862068966,0.5862068965517241,0.06896551724137931,0.4,0.17647058823529413,0.2413793103448276,prob_threshold,0.2413793103448276,0.25517241379310346,3,0.15000000000000002,
29,0.3448275862068966,0.5862068965517241,0.06896551724137931,0.4,0.17647058823529413,0.2413793103448276,prob_threshold,0.2413793103448276,0.25517241379310346,3,0.2,
29,0.41379310344827586,0.5862068965517241,0.0,0.4166666666666667,0.17647058823529413,0.27586206896551724,prob_threshold,0.27586206896551724,0.27586206896551724,3,0.25,
29,0.41379310344827586,0.5862068965517241,0.0,0.4166666666666667,0.17647058823529413,0.27586206896551724,prob_threshold,0.27586206896551724,0.27586206896551724,3,0.3,
29,0.41379310344827586,0.5862068965517241,0.0,0.4166666666666667,0.17647058823529413,0.27586206896551724,prob_threshold,0.27586206896551724,0.27586206896551724,3,0.35000000000000003,
29,0.41379310344827586,0.5862068965517241,0.0,0.4166666666666667,0.17647058823529413,0.27586206896551724,prob_threshold,0.27586206896551724,0.27586206896551724,3,0.4,
29,0.41379310344827586,0.5862068965517241,0.0,0.4166666666666667,0.17647058823529413,0.27586206896551724,prob_threshold,0.27586206896551724,0.27586206896551724,3,0.45,
29,0.41379310344827586,0.5172413793103449,0.06896551724137931,0.4166666666666667,0.13333333333333333,0.2413793103448276,uncertainty,0.2413793103448276,0.25517241379310346,3,0.1,
29,0.3448275862068966,0.4827586206896552,0.1724137931034483,0.3,0.07142857142857142,0.13793103448275862,uncertainty,0.13793103448275862,0.1724137931034483,3,0.2,
29,0.27586206896551724,0.4482758620689655,0.27586206896551724,0.25,0.07692307692307693,0.10344827586206896,uncertainty,0.10344827586206896,0.1586206896551724,3,0.30000000000000004,
29,0.1724137931034483,0.4482758620689655,0.3793103448275862,0.4,0.07692307692307693,0.10344827586206896,uncertainty,0.10344827586206896,0.1793103448275862,3,0.4,
29,0.13793103448275862,0.3793103448275862,0.4827586206896552,0.25,0.09090909090909091,0.06896551724137931,uncertainty,0.06896551724137931,0.16551724137931037,3,0.5,
29,0.10344827586206896,0.3103448275862069,0.5862068965517241,0.3333333333333333,0.1111111111111111,0.06896551724137931,uncertainty,0.06896551724137931,0.18620689655172415,3,0.6,
29,0.034482758620689655,0.27586206896551724,0.6896551724137931,0.0,0.125,0.034482758620689655,uncertainty,0.034482758620689655,0.17241379310344832,3,0.7000000000000001,
29,0.034482758620689655,0.1724137931034483,0.7931034482758621,0.0,0.2,0.034482758620689655,uncertainty,0.034482758620689655,0.19310344827586212,3,0.8,
29,0.034482758620689655,0.06896551724137931,0.896551724137931,0.0,0.0,0.0,uncertainty,0.0,0.17931034482758623,3,0.9,
29,0.034482758620689655,0.1724137931034483,0.7931034482758621,0.0,0.0,0.0,split_cp,0.0,0.15862068965517243,3,0.05,0.9310344827586207
29,0.034482758620689655,0.1724137931034483,0.7931034482758621,0.0,0.0,0.0,split_cp,0.0,0.15862068965517243,3,0.1,0.9310344827586207
29,0.10344827586206896,0.3103448275862069,0.5862068965517241,0.0,0.0,0.0,split_cp,0.0,0.11724137931034484,3,0.2,0.7931034482758621
29,0.13793103448275862,0.4482758620689655,0.41379310344827586,0.0,0.15384615384615385,0.06896551724137931,split_cp,0.06896551724137931,0.1517241379310345,3,0.3,0.4827586206896552
29,0.3103448275862069,0.5517241379310345,0.13793103448275862,0.4444444444444444,0.125,0.20689655172413793,crc,0.20689655172413793,0.23448275862068965,3,0.05,0.1724137931034483
29,0.3103448275862069,0.5517241379310345,0.13793103448275862,0.4444444444444444,0.125,0.20689655172413793,rac,0.20689655172413793,0.23448275862068965,3,0.05,0.1724137931034483
29,0.3448275862068966,0.5517241379310345,0.10344827586206896,0.4,0.125,0.20689655172413793,crc,0.20689655172413793,0.22758620689655173,3,0.1,0.13793103448275862
29,0.3448275862068966,0.5517241379310345,0.10344827586206896,0.4,0.125,0.20689655172413793,rac,0.20689655172413793,0.22758620689655173,3,0.1,0.13793103448275862
29,0.3448275862068966,0.5517241379310345,0.10344827586206896,0.4,0.125,0.20689655172413793,crc,0.20689655172413793,0.22758620689655173,3,0.15,0.13793103448275862
29,0.3448275862068966,0.5517241379310345,0.10344827586206896,0.4,0.125,0.20689655172413793,rac,0.20689655172413793,0.22758620689655173,3,0.15,0.13793103448275862
29,0.41379310344827586,0.5862068965517241,0.0,0.4166666666666667,0.17647058823529413,0.27586206896551724,crc,0.27586206896551724,0.27586206896551724,3,0.2,0.0
29,0.41379310344827586,0.5862068965517241,0.0,0.4166666666666667,0.17647058823529413,0.27586206896551724,rac,0.27586206896551724,0.27586206896551724,3,0.2,0.0
29,0.41379310344827586,0.5862068965517241,0.0,0.4166666666666667,0.17647058823529413,0.27586206896551724,crc,0.27586206896551724,0.27586206896551724,3,0.3,0.0
29,0.41379310344827586,0.5862068965517241,0.0,0.4166666666666667,0.17647058823529413,0.27586206896551724,rac,0.27586206896551724,0.27586206896551724,3,0.3,0.0
29,0.41379310344827586,0.5862068965517241,0.0,0.4166666666666667,0.17647058823529413,0.27586206896551724,crc,0.27586206896551724,0.27586206896551724,3,0.4,0.0
29,0.41379310344827586,0.5862068965517241,0.0,0.4166666666666667,0.17647058823529413,0.27586206896551724,rac,0.27586206896551724,0.27586206896551724,3,0.4,0.0
31,0.1935483870967742,0.7096774193548387,0.0967741935483871,0.0,0.13636363636363635,0.0967741935483871,prob_threshold,0.0967741935483871,0.11612903225806451,4,0.05,
31,0.1935483870967742,0.7096774193548387,0.0967741935483871,0.0,0.13636363636363635,0.0967741935483871,prob_threshold,0.0967741935483871,0.11612903225806451,4,0.1,
31,0.1935483870967742,0.7419354838709677,0.06451612903225806,0.0,0.17391304347826086,0.12903225806451613,prob_threshold,0.12903225806451613,0.14193548387096774,4,0.15000000000000002,
31,0.1935483870967742,0.7419354838709677,0.06451612903225806,0.0,0.17391304347826086,0.12903225806451613,prob_threshold,0.12903225806451613,0.14193548387096774,4,0.2,
31,0.1935483870967742,0.7419354838709677,0.06451612903225806,0.0,0.17391304347826086,0.12903225806451613,prob_threshold,0.12903225806451613,0.14193548387096774,4,0.25,
31,0.1935483870967742,0.7741935483870968,0.03225806451612903,0.0,0.20833333333333334,0.16129032258064516,prob_threshold,0.16129032258064516,0.16774193548387098,4,0.3,
31,0.1935483870967742,0.8064516129032258,0.0,0.0,0.24,0.1935483870967742,prob_threshold,0.1935483870967742,0.1935483870967742,4,0.35000000000000003,
31,0.1935483870967742,0.8064516129032258,0.0,0.0,0.24,0.1935483870967742,prob_threshold,0.1935483870967742,0.1935483870967742,4,0.4,
31,0.1935483870967742,0.8064516129032258,0.0,0.0,0.24,0.1935483870967742,prob_threshold,0.1935483870967742,0.1935483870967742,4,0.45,
31,0.1935483870967742,0.7096774193548387,0.0967741935483871,0.0,0.22727272727272727,0.16129032258064516,uncertainty,0.16129032258064516,0.1806451612903226,4,0.1,
31,0.12903225806451613,0.6774193548387096,0.1935483870967742,0.0,0.23809523809523808,0.16129032258064516,uncertainty,0.16129032258064516,0.2,4,0.2,
31,0.12903225806451613,0.5806451612903226,0.2903225806451613,0.0,0.2222222222222222,0.12903225806451613,uncertainty,0.12903225806451613,0.18709677419354845,4,0.30000000000000004,
31,0.0967741935483871,0.5161290322580645,0.3870967741935484,0.0,0.1875,0.0967741935483871,uncertainty,0.0967741935483871,0.1741935483870968,4,0.4,
31,0.0967741935483871,0.41935483870967744,0.4838709677419355,0.0,0.23076923076923078,0.0967741935483871,uncertainty,0.0967741935483871,0.19354838709677422,4,0.5,
31,0.06451612903225806,0.3548387096774194,0.5806451612903226,0.0,0.09090909090909091,0.03225806451612903,uncertainty,0.03225806451612903,0.1483870967741936,4,0.6,
31,0.0,0.3225806451612903,0.6774193548387096,,0.1,0.03225806451612903,uncertainty,0.03225806451612903,0.167741935483871,4,0.7000000000000001,
31,0.0,0.22580645161290322,0.7741935483870968,,0.14285714285714285,0.03225806451612903,uncertainty,0.03225806451612903,0.18709677419354842,4,0.8,
31,0.0,0.12903225806451613,0.8709677419354839,,0.0,0.0,uncertainty,0.0,0.1741935483870968,4,0.9,
31,0.0,0.0967741935483871,0.9032258064516129,,0.0,0.0,split_cp,0.0,0.18064516129032263,4,0.05,1.0
31,0.0,0.16129032258064516,0.8387096774193549,,0.0,0.0,split_cp,0.0,0.167741935483871,4,0.1,1.0
31,0.0967741935483871,0.4838709677419355,0.41935483870967744,0.0,0.0,0.0,split_cp,0.0,0.0838709677419355,4,0.2,0.8064516129032258
31,0.0967741935483871,0.4838709677419355,0.41935483870967744,0.0,0.0,0.0,split_cp,0.0,0.0838709677419355,4,0.3,0.7419354838709677
31,0.1935483870967742,0.6774193548387096,0.12903225806451613,0.0,0.09523809523809523,0.06451612903225806,crc,0.06451612903225806,0.09032258064516129,4,0.05,0.22580645161290322
31,0.1935483870967742,0.6774193548387096,0.12903225806451613,0.0,0.09523809523809523,0.06451612903225806,rac,0.06451612903225806,0.09032258064516129,4,0.05,0.22580645161290322
31,0.1935483870967742,0.8064516129032258,0.0,0.0,0.24,0.1935483870967742,crc,0.1935483870967742,0.1935483870967742,4,0.1,0.0
31,0.1935483870967742,0.8064516129032258,0.0,0.0,0.24,0.1935483870967742,rac,0.1935483870967742,0.1935483870967742,4,0.1,0.0
31,0.1935483870967742,0.8064516129032258,0.0,0.0,0.24,0.1935483870967742,crc,0.1935483870967742,0.1935483870967742,4,0.15,0.0
31,0.1935483870967742,0.8064516129032258,0.0,0.0,0.24,0.1935483870967742,rac,0.1935483870967742,0.1935483870967742,4,0.15,0.0
31,0.1935483870967742,0.8064516129032258,0.0,0.0,0.24,0.1935483870967742,crc,0.1935483870967742,0.1935483870967742,4,0.2,0.0
31,0.1935483870967742,0.8064516129032258,0.0,0.0,0.24,0.1935483870967742,rac,0.1935483870967742,0.1935483870967742,4,0.2,0.0
31,0.1935483870967742,0.8064516129032258,0.0,0.0,0.24,0.1935483870967742,crc,0.1935483870967742,0.1935483870967742,4,0.3,0.0
31,0.1935483870967742,0.8064516129032258,0.0,0.0,0.24,0.1935483870967742,rac,0.1935483870967742,0.1935483870967742,4,0.3,0.0
31,0.1935483870967742,0.8064516129032258,0.0,0.0,0.24,0.1935483870967742,crc,0.1935483870967742,0.1935483870967742,4,0.4,0.0
31,0.1935483870967742,0.8064516129032258,0.0,0.0,0.24,0.1935483870967742,rac,0.1935483870967742,0.1935483870967742,4,0.4,0.0
29,0.1724137931034483,0.7931034482758621,0.034482758620689655,0.0,0.043478260869565216,0.034482758620689655,prob_threshold,0.034482758620689655,0.041379310344827586,5,0.05,
29,0.1724137931034483,0.7931034482758621,0.034482758620689655,0.0,0.043478260869565216,0.034482758620689655,prob_threshold,0.034482758620689655,0.041379310344827586,5,0.1,
29,0.1724137931034483,0.7931034482758621,0.034482758620689655,0.0,0.043478260869565216,0.034482758620689655,prob_threshold,0.034482758620689655,0.041379310344827586,5,0.15000000000000002,
29,0.1724137931034483,0.7931034482758621,0.034482758620689655,0.0,0.043478260869565216,0.034482758620689655,prob_threshold,0.034482758620689655,0.041379310344827586,5,0.2,
29,0.1724137931034483,0.7931034482758621,0.034482758620689655,0.0,0.043478260869565216,0.034482758620689655,prob_threshold,0.034482758620689655,0.041379310344827586,5,0.25,
29,0.1724137931034483,0.7931034482758621,0.034482758620689655,0.0,0.043478260869565216,0.034482758620689655,prob_threshold,0.034482758620689655,0.041379310344827586,5,0.3,
29,0.1724137931034483,0.7931034482758621,0.034482758620689655,0.0,0.043478260869565216,0.034482758620689655,prob_threshold,0.034482758620689655,0.041379310344827586,5,0.35000000000000003,
29,0.1724137931034483,0.8275862068965517,0.0,0.0,0.08333333333333333,0.06896551724137931,prob_threshold,0.06896551724137931,0.06896551724137931,5,0.4,
29,0.1724137931034483,0.8275862068965517,0.0,0.0,0.08333333333333333,0.06896551724137931,prob_threshold,0.06896551724137931,0.06896551724137931,5,0.45,
29,0.13793103448275862,0.7931034482758621,0.06896551724137931,0.0,0.08695652173913043,0.06896551724137931,uncertainty,0.06896551724137931,0.08275862068965517,5,0.1,
29,0.13793103448275862,0.6896551724137931,0.1724137931034483,0.0,0.05,0.034482758620689655,uncertainty,0.034482758620689655,0.06896551724137931,5,0.2,
29,0.13793103448275862,0.5862068965517241,0.27586206896551724,0.0,0.058823529411764705,0.034482758620689655,uncertainty,0.034482758620689655,0.0896551724137931,5,0.30000000000000004,
29,0.10344827586206896,0.5172413793103449,0.3793103448275862,0.0,0.06666666666666667,0.034482758620689655,uncertainty,0.034482758620689655,0.11034482758620691,5,0.4,
29,0.06896551724137931,0.4482758620689655,0.4827586206896552,0.0,0.07692307692307693,0.034482758620689655,uncertainty,0.034482758620689655,0.1310344827586207,5,0.5,
29,0.034482758620689655,0.3793103448275862,0.5862068965517241,0.0,0.09090909090909091,0.034482758620689655,uncertainty,0.034482758620689655,0.1517241379310345,5,0.6,
29,0.034482758620689655,0.27586206896551724,0.6896551724137931,0.0,0.125,0.034482758620689655,uncertainty,0.034482758620689655,0.17241379310344832,5,0.7000000000000001,
29,0.0,0.20689655172413793,0.7931034482758621,,0.16666666666666666,0.034482758620689655,uncertainty,0.034482758620689655,0.1931034482758621,5,0.8,
29,0.0,0.10344827586206896,0.896551724137931,,0.0,0.0,uncertainty,0.0,0.17931034482758623,5,0.9,
29,0.0,0.13793103448275862,0.8620689655172413,,0.0,0.0,split_cp,0.0,0.17241379310344832,5,0.05,0.9655172413793104
29,0.0,0.1724137931034483,0.8275862068965517,,0.0,0.0,split_cp,0.0,0.16551724137931037,5,0.1,0.9310344827586207
29,0.0,0.3103448275862069,0.6896551724137931,,0.0,0.0,split_cp,0.0,0.13793103448275865,5,0.2,0.896551724137931
29,0.0,0.4482758620689655,0.5517241379310345,,0.0,0.0,split_cp,0.0,0.11034482758620694,5,0.3,0.8620689655172413
29,0.034482758620689655,0.7241379310344828,0.2413793103448276,0.0,0.047619047619047616,0.034482758620689655,crc,0.034482758620689655,0.08275862068965519,5,0.05,0.6206896551724138
29,0.034482758620689655,0.7241379310344828,0.2413793103448276,0.0,0.047619047619047616,0.034482758620689655,rac,0.034482758620689655,0.08275862068965519,5,0.05,0.6206896551724138
29,0.1724137931034483,0.7586206896551724,0.06896551724137931,0.0,0.045454545454545456,0.034482758620689655,crc,0.034482758620689655,0.04827586206896552,5,0.1,0.034482758620689655
29,0.1724137931034483,0.7586206896551724,0.06896551724137931,0.0,0.045454545454545456,0.034482758620689655,rac,0.034482758620689655,0.04827586206896552,5,0.1,0.034482758620689655
29,0.1724137931034483,0.7931034482758621,0.034482758620689655,0.0,0.043478260869565216,0.034482758620689655,crc,0.034482758620689655,0.041379310344827586,5,0.15,0.0
29,0.1724137931034483,0.7931034482758621,0.034482758620689655,0.0,0.043478260869565216,0.034482758620689655,rac,0.034482758620689655,0.041379310344827586,5,0.15,0.0
29,0.1724137931034483,0.8275862068965517,0.0,0.0,0.08333333333333333,0.06896551724137931,crc,0.06896551724137931,0.06896551724137931,5,0.2,0.0
29,0.1724137931034483,0.8275862068965517,0.0,0.0,0.08333333333333333,0.06896551724137931,rac,0.06896551724137931,0.06896551724137931,5,0.2,0.0
29,0.1724137931034483,0.8275862068965517,0.0,0.0,0.08333333333333333,0.06896551724137931,crc,0.06896551724137931,0.06896551724137931,5,0.3,0.0
29,0.1724137931034483,0.8275862068965517,0.0,0.0,0.08333333333333333,0.06896551724137931,rac,0.06896551724137931,0.06896551724137931,5,0.3,0.0
29,0.1724137931034483,0.8275862068965517,0.0,0.0,0.08333333333333333,0.06896551724137931,crc,0.06896551724137931,0.06896551724137931,5,0.4,0.0
29,0.1724137931034483,0.8275862068965517,0.0,0.0,0.08333333333333333,0.06896551724137931,rac,0.06896551724137931,0.06896551724137931,5,0.4,0.0
31,0.25806451612903225,0.7419354838709677,0.0,0.125,0.17391304347826086,0.16129032258064516,prob_threshold,0.16129032258064516,0.16129032258064516,6,0.05,
31,0.25806451612903225,0.7419354838709677,0.0,0.125,0.17391304347826086,0.16129032258064516,prob_threshold,0.16129032258064516,0.16129032258064516,6,0.1,
31,0.25806451612903225,0.7419354838709677,0.0,0.125,0.17391304347826086,0.16129032258064516,prob_threshold,0.16129032258064516,0.16129032258064516,6,0.15000000000000002,
31,0.25806451612903225,0.7419354838709677,0.0,0.125,0.17391304347826086,0.16129032258064516,prob_threshold,0.16129032258064516,0.16129032258064516,6,0.2,
31,0.25806451612903225,0.7419354838709677,0.0,0.125,0.17391304347826086,0.16129032258064516,prob_threshold,0.16129032258064516,0.16129032258064516,6,0.25,
31,0.25806451612903225,0.7419354838709677,0.0,0.125,0.17391304347826086,0.16129032258064516,prob_threshold,0.16129032258064516,0.16129032258064516,6,0.3,
31,0.25806451612903225,0.7419354838709677,0.0,0.125,0.17391304347826086,0.16129032258064516,prob_threshold,0.16129032258064516,0.16129032258064516,6,0.35000000000000003,
31,0.25806451612903225,0.7419354838709677,0.0,0.125,0.17391304347826086,0.16129032258064516,prob_threshold,0.16129032258064516,0.16129032258064516,6,0.4,
31,0.25806451612903225,0.7419354838709677,0.0,0.125,0.17391304347826086,0.16129032258064516,prob_threshold,0.16129032258064516,0.16129032258064516,6,0.45,
31,0.25806451612903225,0.6451612903225806,0.0967741935483871,0.125,0.15,0.12903225806451613,uncertainty,0.12903225806451613,0.14838709677419354,6,0.1,
31,0.1935483870967742,0.6129032258064516,0.1935483870967742,0.0,0.15789473684210525,0.0967741935483871,uncertainty,0.0967741935483871,0.13548387096774195,6,0.2,
31,0.16129032258064516,0.5483870967741935,0.2903225806451613,0.0,0.11764705882352941,0.06451612903225806,uncertainty,0.06451612903225806,0.12258064516129032,6,0.30000000000000004,
31,0.16129032258064516,0.45161290322580644,0.3870967741935484,0.0,0.14285714285714285,0.06451612903225806,uncertainty,0.06451612903225806,0.14193548387096774,6,0.4,
31,0.16129032258064516,0.3548387096774194,0.4838709677419355,0.0,0.18181818181818182,0.06451612903225806,uncertainty,0.06451612903225806,0.16129032258064516,6,0.5,
31,0.12903225806451613,0.2903225806451613,0.5806451612903226,0.0,0.1111111111111111,0.03225806451612903,uncertainty,0.03225806451612903,0.14838709677419357,6,0.6,
31,0.0967741935483871,0.22580645161290322,0.6774193548387096,0.0,0.14285714285714285,0.03225806451612903,uncertainty,0.03225806451612903,0.167741935483871,6,0.7000000000000001,
31,0.06451612903225806,0.16129032258064516,0.7741935483870968,0.0,0.2,0.03225806451612903,uncertainty,0.03225806451612903,0.18709677419354842,6,0.8,
31,0.03225806451612903,0.0967741935483871,0.8709677419354839,0.0,0.0,0.0,uncertainty,0.0,0.1741935483870968,6,0.9,
31,0.0,0.03225806451612903,0.967741935483871,,0.0,0.0,split_cp,0.0,0.19354838709677424,6,0.05,1.0
31,0.0,0.1935483870967742,0.8064516129032258,,0.0,0.0,split_cp,0.0,0.16129032258064518,6,0.1,0.967741935483871
31,0.06451612903225806,0.3870967741935484,0.5483870967741935,0.0,0.08333333333333333,0.03225806451612903,split_cp,0.03225806451612903,0.14193548387096777,6,0.2,0.7741935483870968
31,0.0967741935483871,0.41935483870967744,0.4838709677419355,0.0,0.07692307692307693,0.03225806451612903,split_cp,0.03225806451612903,0.12903225806451615,6,0.3,0.7419354838709677
31,0.0,0.25806451612903225,0.7419354838709677,,0.125,0.03225806451612903,crc,0.03225806451612903,0.1806451612903226,6,0.05,0.9354838709677419
31,0.0,0.25806451612903225,0.7419354838709677,,0.125,0.03225806451612903,rac,0.03225806451612903,0.1806451612903226,6,0.05,0.9354838709677419
31,0.16129032258064516,0.6451612903225806,0.1935483870967742,0.0,0.15,0.0967741935483871,crc,0.0967741935483871,0.13548387096774195,6,0.1,0.25806451612903225
31,0.16129032258064516,0.6451612903225806,0.1935483870967742,0.0,0.15,0.0967741935483871,rac,0.0967741935483871,0.13548387096774195,6,0.1,0.25806451612903225
31,0.25806451612903225,0.7419354838709677,0.0,0.125,0.17391304347826086,0.16129032258064516,crc,0.16129032258064516,0.16129032258064516,6,0.15,0.0
31,0.25806451612903225,0.7419354838709677,0.0,0.125,0.17391304347826086,0.16129032258064516,rac,0.16129032258064516,0.16129032258064516,6,0.15,0.0
31,0.25806451612903225,0.7419354838709677,0.0,0.125,0.17391304347826086,0.16129032258064516,crc,0.16129032258064516,0.16129032258064516,6,0.2,0.0
31,0.25806451612903225,0.7419354838709677,0.0,0.125,0.17391304347826086,0.16129032258064516,rac,0.16129032258064516,0.16129032258064516,6,0.2,0.0
31,0.25806451612903225,0.7419354838709677,0.0,0.125,0.17391304347826086,0.16129032258064516,crc,0.16129032258064516,0.16129032258064516,6,0.3,0.0
31,0.25806451612903225,0.7419354838709677,0.0,0.125,0.17391304347826086,0.16129032258064516,rac,0.16129032258064516,0.16129032258064516,6,0.3,0.0
31,0.25806451612903225,0.7419354838709677,0.0,0.125,0.17391304347826086,0.16129032258064516,crc,0.16129032258064516,0.16129032258064516,6,0.4,0.0
31,0.25806451612903225,0.7419354838709677,0.0,0.125,0.17391304347826086,0.16129032258064516,rac,0.16129032258064516,0.16129032258064516,6,0.4,0.0
32,0.125,0.8125,0.0625,0.25,0.07692307692307693,0.09375,prob_threshold,0.09375,0.10625,7,0.05,
32,0.15625,0.8125,0.03125,0.4,0.07692307692307693,0.125,prob_threshold,0.125,0.13125,7,0.1,
32,0.15625,0.8125,0.03125,0.4,0.07692307692307693,0.125,prob_threshold,0.125,0.13125,7,0.15000000000000002,
32,0.15625,0.8125,0.03125,0.4,0.07692307692307693,0.125,prob_threshold,0.125,0.13125,7,0.2,
32,0.15625,0.8125,0.03125,0.4,0.07692307692307693,0.125,prob_threshold,0.125,0.13125,7,0.25,
32,0.15625,0.8125,0.03125,0.4,0.07692307692307693,0.125,prob_threshold,0.125,0.13125,7,0.3,
32,0.1875,0.8125,0.0,0.3333333333333333,0.07692307692307693,0.125,prob_threshold,0.125,0.125,7,0.35000000000000003,
32,0.1875,0.8125,0.0,0.3333333333333333,0.07692307692307693,0.125,prob_threshold,0.125,0.125,7,0.4,
32,0.1875,0.8125,0.0,0.3333333333333333,0.07692307692307693,0.125,prob_threshold,0.125,0.125,7,0.45,
32,0.1875,0.71875,0.09375,0.3333333333333333,0.043478260869565216,0.09375,uncertainty,0.09375,0.1125,7,0.1,
32,0.1875,0.625,0.1875,0.3333333333333333,0.0,0.0625,uncertainty,0.0625,0.1,7,0.2,
32,0.1875,0.53125,0.28125,0.3333333333333333,0.0,0.0625,uncertainty,0.0625,0.11875,7,0.30000000000000004,
32,0.15625,0.46875,0.375,0.2,0.0,0.03125,uncertainty,0.03125,0.10625000000000001,7,0.4,
32,0.09375,0.40625,0.5,0.3333333333333333,0.0,0.03125,uncertainty,0.03125,0.13124999999999998,7,0.5,
32,0.0625,0.34375,0.59375,0.0,0.0,0.0,uncertainty,0.0,0.11875000000000001,7,0.6,
32,0.03125,0.28125,0.6875,0.0,0.0,0.0,uncertainty,0.0,0.1375,7,0.7000000000000001,
32,0.0,0.21875,0.78125,,0.0,0.0,uncertainty,0.0,0.15625000000000003,7,0.8,
32,0.0,0.125,0.875,,0.0,0.0,uncertainty,0.0,0.17500000000000002,7,0.9,
32,0.0,0.09375,0.90625,,0.0,0.0,split_cp,0.0,0.18125000000000002,7,0.05,1.0
32,0.0,0.21875,0.78125,,0.0,0.0,split_cp,0.0,0.15625000000000003,7,0.1,0.96875
32,0.0625,0.5625,0.375,0.0,0.0,0.0,split_cp,0.0,0.07500000000000001,7,0.2,0.78125
32,0.09375,0.6875,0.21875,0.0,0.0,0.0,split_cp,0.0,0.04375,7,0.3,0.75
32,0.0,0.09375,0.90625,,0.0,0.0,crc,0.0,0.18125000000000002,7,0.05,1.0
32,0.0,0.09375,0.90625,,0.0,0.0,rac,0.0,0.18125000000000002,7,0.05,1.0
32,0.1875,0.8125,0.0,0.3333333333333333,0.07692307692307693,0.125,crc,0.125,0.125,7,0.1,0.0
32,0.1875,0.8125,0.0,0.3333333333333333,0.07692307692307693,0.125,rac,0.125,0.125,7,0.1,0.0
32,0.1875,0.8125,0.0,0.3333333333333333,0.07692307692307693,0.125,crc,0.125,0.125,7,0.15,0.0
32,0.1875,0.8125,0.0,0.3333333333333333,0.07692307692307693,0.125,rac,0.125,0.125,7,0.15,0.0
32,0.1875,0.8125,0.0,0.3333333333333333,0.07692307692307693,0.125,crc,0.125,0.125,7,0.2,0.0
32,0.1875,0.8125,0.0,0.3333333333333333,0.07692307692307693,0.125,rac,0.125,0.125,7,0.2,0.0
32,0.1875,0.8125,0.0,0.3333333333333333,0.07692307692307693,0.125,crc,0.125,0.125,7,0.3,0.0
32,0.1875,0.8125,0.0,0.3333333333333333,0.07692307692307693,0.125,rac,0.125,0.125,7,0.3,0.0
32,0.1875,0.8125,0.0,0.3333333333333333,0.07692307692307693,0.125,crc,0.125,0.125,7,0.4,0.0
32,0.1875,0.8125,0.0,0.3333333333333333,0.07692307692307693,0.125,rac,0.125,0.125,7,0.4,0.0
30,0.2,0.7666666666666667,0.03333333333333333,0.16666666666666666,0.08695652173913043,0.1,prob_threshold,0.1,0.10666666666666667,8,0.05,
30,0.2,0.7666666666666667,0.03333333333333333,0.16666666666666666,0.08695652173913043,0.1,prob_threshold,0.1,0.10666666666666667,8,0.1,
30,0.2,0.7666666666666667,0.03333333333333333,0.16666666666666666,0.08695652173913043,0.1,prob_threshold,0.1,0.10666666666666667,8,0.15000000000000002,
30,0.2,0.7666666666666667,0.03333333333333333,0.16666666666666666,0.08695652173913043,0.1,prob_threshold,0.1,0.10666666666666667,8,0.2,
30,0.2,0.7666666666666667,0.03333333333333333,0.16666666666666666,0.08695652173913043,0.1,prob_threshold,0.1,0.10666666666666667,8,0.25,
30,0.2,0.7666666666666667,0.03333333333333333,0.16666666666666666,0.08695652173913043,0.1,prob_threshold,0.1,0.10666666666666667,8,0.3,
30,0.2,0.7666666666666667,0.03333333333333333,0.16666666666666666,0.08695652173913043,0.1,prob_threshold,0.1,0.10666666666666667,8,0.35000000000000003,
30,0.2,0.7666666666666667,0.03333333333333333,0.16666666666666666,0.08695652173913043,0.1,prob_threshold,0.1,0.10666666666666667,8,0.4,
30,0.2,0.7666666666666667,0.03333333333333333,0.16666666666666666,0.08695652173913043,0.1,prob_threshold,0.1,0.10666666666666667,8,0.45,
30,0.23333333333333334,0.6666666666666666,0.1,0.2857142857142857,0.1,0.13333333333333333,uncertainty,0.13333333333333333,0.15333333333333332,8,0.1,
30,0.23333333333333334,0.5666666666666667,0.2,0.2857142857142857,0.0,0.06666666666666667,uncertainty,0.06666666666666667,0.10666666666666667,8,0.2,
30,0.23333333333333334,0.4666666666666667,0.3,0.2857142857142857,0.0,0.06666666666666667,uncertainty,0.06666666666666667,0.12666666666666668,8,0.30000000000000004,
30,0.2,0.4,0.4,0.3333333333333333,0.0,0.06666666666666667,uncertainty,0.06666666666666667,0.14666666666666667,8,0.4,
30,0.13333333333333333,0.36666666666666664,0.5,0.5,0.0,0.06666666666666667,uncertainty,0.06666666666666667,0.16666666666666669,8,0.5,
30,0.1,0.3,0.6,0.3333333333333333,0.0,0.03333333333333333,uncertainty,0.03333333333333333,0.15333333333333335,8,0.6,
30,0.1,0.2,0.7,0.3333333333333333,0.0,0.03333333333333333,uncertainty,0.03333333333333333,0.17333333333333334,8,0.7000000000000001,
30,0.06666666666666667,0.13333333333333333,0.8,0.0,0.0,0.0,uncertainty,0.0,0.16000000000000003,8,0.8,
30,0.03333333333333333,0.06666666666666667,0.9,0.0,0.0,0.0,uncertainty,0.0,0.18000000000000005,8,0.9,
30,0.03333333333333333,0.2,0.7666666666666667,0.0,0.0,0.0,split_cp,0.0,0.15333333333333335,8,0.05,0.9666666666666667
30,0.06666666666666667,0.26666666666666666,0.6666666666666666,0.0,0.0,0.0,split_cp,0.0,0.13333333333333336,8,0.1,0.9333333333333333
30,0.06666666666666667,0.4,0.5333333333333333,0.0,0.0,0.0,split_cp,0.0,0.10666666666666669,8,0.2,0.8
30,0.13333333333333333,0.5,0.36666666666666664,0.0,0.0,0.0,split_cp,0.0,0.07333333333333333,8,0.3,0.7666666666666667
30,0.03333333333333333,0.23333333333333334,0.7333333333333333,0.0,0.0,0.0,crc,0.0,0.1466666666666667,8,0.05,0.9666666666666667
30,0.03333333333333333,0.23333333333333334,0.7333333333333333,0.0,0.0,0.0,rac,0.0,0.1466666666666667,8,0.05,0.9666666666666667
30,0.2,0.5333333333333333,0.26666666666666666,0.16666666666666666,0.0,0.03333333333333333,crc,0.03333333333333333,0.08666666666666668,8,0.1,0.5333333333333333
30,0.2,0.5333333333333333,0.26666666666666666,0.16666666666666666,0.0,0.03333333333333333,rac,0.03333333333333333,0.08666666666666668,8,0.1,0.5333333333333333
30,0.2,0.6333333333333333,0.16666666666666666,0.16666666666666666,0.0,0.03333333333333333,crc,0.03333333333333333,0.06666666666666667,8,0.15,0.2
30,0.2,0.6333333333333333,0.16666666666666666,0.16666666666666666,0.0,0.03333333333333333,rac,0.03333333333333333,0.06666666666666667,8,0.15,0.2
30,0.23333333333333334,0.7666666666666667,0.0,0.2857142857142857,0.08695652173913043,0.13333333333333333,crc,0.13333333333333333,0.13333333333333333,8,0.2,0.0
30,0.23333333333333334,0.7666666666666667,0.0,0.2857142857142857,0.08695652173913043,0.13333333333333333,rac,0.13333333333333333,0.13333333333333333,8,0.2,0.0
30,0.23333333333333334,0.7666666666666667,0.0,0.2857142857142857,0.08695652173913043,0.13333333333333333,crc,0.13333333333333333,0.13333333333333333,8,0.3,0.0
30,0.23333333333333334,0.7666666666666667,0.0,0.2857142857142857,0.08695652173913043,0.13333333333333333,rac,0.13333333333333333,0.13333333333333333,8,0.3,0.0
30,0.23333333333333334,0.7666666666666667,0.0,0.2857142857142857,0.08695652173913043,0.13333333333333333,crc,0.13333333333333333,0.13333333333333333,8,0.4,0.0
30,0.23333333333333334,0.7666666666666667,0.0,0.2857142857142857,0.08695652173913043,0.13333333333333333,rac,0.13333333333333333,0.13333333333333333,8,0.4,0.0
31,0.3225806451612903,0.6774193548387096,0.0,0.2,0.23809523809523808,0.22580645161290322,prob_threshold,0.22580645161290322,0.22580645161290322,9,0.05,
31,0.3225806451612903,0.6774193548387096,0.0,0.2,0.23809523809523808,0.22580645161290322,prob_threshold,0.22580645161290322,0.22580645161290322,9,0.1,
31,0.3225806451612903,0.6774193548387096,0.0,0.2,0.23809523809523808,0.22580645161290322,prob_threshold,0.22580645161290322,0.22580645161290322,9,0.15000000000000002,
31,0.3225806451612903,0.6774193548387096,0.0,0.2,0.23809523809523808,0.22580645161290322,prob_threshold,0.22580645161290322,0.22580645161290322,9,0.2,
31,0.3225806451612903,0.6774193548387096,0.0,0.2,0.23809523809523808,0.22580645161290322,prob_threshold,0.22580645161290322,0.22580645161290322,9,0.25,
31,0.3225806451612903,0.6774193548387096,0.0,0.2,0.23809523809523808,0.22580645161290322,prob_threshold,0.22580645161290322,0.22580645161290322,9,0.3,
31,0.3225806451612903,0.6774193548387096,0.0,0.2,0.23809523809523808,0.22580645161290322,prob_threshold,0.22580645161290322,0.22580645161290322,9,0.35000000000000003,
31,0.3225806451612903,0.6774193548387096,0.0,0.2,0.23809523809523808,0.22580645161290322,prob_threshold,0.22580645161290322,0.22580645161290322,9,0.4,
31,0.3225806451612903,0.6774193548387096,0.0,0.2,0.23809523809523808,0.22580645161290322,prob_threshold,0.22580645161290322,0.22580645161290322,9,0.45,
31,0.2903225806451613,0.6129032258064516,0.0967741935483871,0.1111111111111111,0.21052631578947367,0.16129032258064516,uncertainty,0.16129032258064516,0.1806451612903226,9,0.1,
31,0.25806451612903225,0.5483870967741935,0.1935483870967742,0.125,0.17647058823529413,0.12903225806451613,uncertainty,0.12903225806451613,0.167741935483871,9,0.2,
31,0.22580645161290322,0.4838709677419355,0.2903225806451613,0.14285714285714285,0.2,0.12903225806451613,uncertainty,0.12903225806451613,0.18709677419354842,9,0.30000000000000004,
31,0.16129032258064516,0.45161290322580644,0.3870967741935484,0.0,0.21428571428571427,0.0967741935483871,uncertainty,0.0967741935483871,0.17419354838709677,9,0.4,
31,0.12903225806451613,0.3870967741935484,0.4838709677419355,0.0,0.16666666666666666,0.06451612903225806,uncertainty,0.06451612903225806,0.16129032258064518,9,0.5,
31,0.12903225806451613,0.2903225806451613,0.5806451612903226,0.0,0.2222222222222222,0.06451612903225806,uncertainty,0.06451612903225806,0.18064516129032263,9,0.6,
31,0.12903225806451613,0.1935483870967742,0.6774193548387096,0.0,0.3333333333333333,0.06451612903225806,uncertainty,0.06451612903225806,0.20000000000000004,9,0.7000000000000001,
31,0.0967741935483871,0.12903225806451613,0.7741935483870968,0.0,0.5,0.06451612903225806,uncertainty,0.06451612903225806,0.21935483870967748,9,0.8,
31,0.06451612903225806,0.06451612903225806,0.8709677419354839,0.0,0.5,0.03225806451612903,uncertainty,0.03225806451612903,0.20645161290322583,9,0.9,
31,0.0,0.03225806451612903,0.967741935483871,,0.0,0.0,split_cp,0.0,0.19354838709677424,9,0.05,1.0
31,0.06451612903225806,0.12903225806451613,0.8064516129032258,0.0,0.0,0.0,split_cp,0.0,0.16129032258064518,9,0.1,0.9354838709677419
31,0.06451612903225806,0.1935483870967742,0.7419354838709677,0.0,0.0,0.0,split_cp,0.0,0.1483870967741936,9,0.2,0.9354838709677419
31,0.12903225806451613,0.2903225806451613,0.5806451612903226,0.0,0.1111111111111111,0.03225806451612903,split_cp,0.03225806451612903,0.1483870967741936,9,0.3,0.8387096774193549
31,0.1935483870967742,0.45161290322580644,0.3548387096774194,0.0,0.07142857142857142,0.03225806451612903,crc,0.03225806451612903,0.10322580645161293,9,0.05,0.6774193548387096
31,0.1935483870967742,0.45161290322580644,0.3548387096774194,0.0,0.07142857142857142,0.03225806451612903,rac,0.03225806451612903,0.10322580645161293,9,0.05,0.6774193548387096
31,0.3225806451612903,0.6774193548387096,0.0,0.2,0.23809523809523808,0.22580645161290322,crc,0.22580645161290322,0.22580645161290322,9,0.1,0.0
31,0.3225806451612903,0.6774193548387096,0.0,0.2,0.23809523809523808,0.22580645161290322,rac,0.22580645161290322,0.22580645161290322,9,0.1,0.0
31,0.3225806451612903,0.6774193548387096,0.0,0.2,0.23809523809523808,0.22580645161290322,crc,0.22580645161290322,0.22580645161290322,9,0.15,0.0
31,0.3225806451612903,0.6774193548387096,0.0,0.2,0.23809523809523808,0.22580645161290322,rac,0.22580645161290322,0.22580645161290322,9,0.15,0.0
31,0.3225806451612903,0.6774193548387096,0.0,0.2,0.23809523809523808,0.22580645161290322,crc,0.22580645161290322,0.22580645161290322,9,0.2,0.0
31,0.3225806451612903,0.6774193548387096,0.0,0.2,0.23809523809523808,0.22580645161290322,rac,0.22580645161290322,0.22580645161290322,9,0.2,0.0
31,0.3225806451612903,0.6774193548387096,0.0,0.2,0.23809523809523808,0.22580645161290322,crc,0.22580645161290322,0.22580645161290322,9,0.3,0.0
31,0.3225806451612903,0.6774193548387096,0.0,0.2,0.23809523809523808,0.22580645161290322,rac,0.22580645161290322,0.22580645161290322,9,0.3,0.0
31,0.3225806451612903,0.6774193548387096,0.0,0.2,0.23809523809523808,0.22580645161290322,crc,0.22580645161290322,0.22580645161290322,9,0.4,0.0
31,0.3225806451612903,0.6774193548387096,0.0,0.2,0.23809523809523808,0.22580645161290322,rac,0.22580645161290322,0.22580645161290322,9,0.4,0.0
30,0.0,0.9666666666666667,0.03333333333333333,,0.034482758620689655,0.03333333333333333,prob_threshold,0.03333333333333333,0.04,10,0.05,
30,0.0,0.9666666666666667,0.03333333333333333,,0.034482758620689655,0.03333333333333333,prob_threshold,0.03333333333333333,0.04,10,0.1,
30,0.0,0.9666666666666667,0.03333333333333333,,0.034482758620689655,0.03333333333333333,prob_threshold,0.03333333333333333,0.04,10,0.15000000000000002,
30,0.0,0.9666666666666667,0.03333333333333333,,0.034482758620689655,0.03333333333333333,prob_threshold,0.03333333333333333,0.04,10,0.2,
30,0.0,0.9666666666666667,0.03333333333333333,,0.034482758620689655,0.03333333333333333,prob_threshold,0.03333333333333333,0.04,10,0.25,
30,0.0,0.9666666666666667,0.03333333333333333,,0.034482758620689655,0.03333333333333333,prob_threshold,0.03333333333333333,0.04,10,0.3,
30,0.0,0.9666666666666667,0.03333333333333333,,0.034482758620689655,0.03333333333333333,prob_threshold,0.03333333333333333,0.04,10,0.35000000000000003,
30,0.0,0.9666666666666667,0.03333333333333333,,0.034482758620689655,0.03333333333333333,prob_threshold,0.03333333333333333,0.04,10,0.4,
30,0.0,1.0,0.0,,0.06666666666666667,0.06666666666666667,prob_threshold,0.06666666666666667,0.06666666666666667,10,0.45,
30,0.0,0.9,0.1,,0.037037037037037035,0.03333333333333333,uncertainty,0.03333333333333333,0.05333333333333333,10,0.1,
30,0.0,0.8,0.2,,0.041666666666666664,0.03333333333333333,uncertainty,0.03333333333333333,0.07333333333333333,10,0.2,
30,0.0,0.7,0.3,,0.047619047619047616,0.03333333333333333,uncertainty,0.03333333333333333,0.09333333333333334,10,0.30000000000000004,
30,0.0,0.6,0.4,,0.05555555555555555,0.03333333333333333,uncertainty,0.03333333333333333,0.11333333333333334,10,0.4,
30,0.0,0.5,0.5,,0.06666666666666667,0.03333333333333333,uncertainty,0.03333333333333333,0.13333333333333336,10,0.5,
30,0.0,0.4,0.6,,0.08333333333333333,0.03333333333333333,uncertainty,0.03333333333333333,0.15333333333333335,10,0.6,
30,0.0,0.3,0.7,,0.0,0.0,uncertainty,0.0,0.14000000000000004,10,0.7000000000000001,
30,0.0,0.2,0.8,,0.0,0.0,uncertainty,0.0,0.16000000000000006,10,0.8,
30,0.0,0.1,0.9,,0.0,0.0,uncertainty,0.0,0.18000000000000005,10,0.9,
30,0.0,0.13333333333333333,0.8666666666666667,,0.0,0.0,split_cp,0.0,0.17333333333333337,10,0.05,1.0
30,0.0,0.26666666666666666,0.7333333333333333,,0.0,0.0,split_cp,0.0,0.1466666666666667,10,0.1,0.9666666666666667
30,0.0,0.7,0.3,,0.0,0.0,split_cp,0.0,0.05999999999999999,10,0.2,0.8
30,0.0,0.7666666666666667,0.23333333333333334,,0.043478260869565216,0.03333333333333333,split_cp,0.03333333333333333,0.08000000000000002,10,0.3,0.8
30,0.0,0.6,0.4,,0.0,0.0,crc,0.0,0.08000000000000002,10,0.05,0.8
30,0.0,0.6,0.4,,0.0,0.0,rac,0.0,0.08000000000000002,10,0.05,0.8
30,0.0,0.9666666666666667,0.03333333333333333,,0.034482758620689655,0.03333333333333333,crc,0.03333333333333333,0.04,10,0.1,0.0
30,0.0,0.9666666666666667,0.03333333333333333,,0.034482758620689655,0.03333333333333333,rac,0.03333333333333333,0.04,10,0.1,0.0
30,0.0,1.0,0.0,,0.06666666666666667,0.06666666666666667,crc,0.06666666666666667,0.06666666666666667,10,0.15,0.0
30,0.0,1.0,0.0,,0.06666666666666667,0.06666666666666667,rac,0.06666666666666667,0.06666666666666667,10,0.15,0.0
30,0.0,1.0,0.0,,0.06666666666666667,0.06666666666666667,crc,0.06666666666666667,0.06666666666666667,10,0.2,0.0
30,0.0,1.0,0.0,,0.06666666666666667,0.06666666666666667,rac,0.06666666666666667,0.06666666666666667,10,0.2,0.0
30,0.0,1.0,0.0,,0.06666666666666667,0.06666666666666667,crc,0.06666666666666667,0.06666666666666667,10,0.3,0.0
30,0.0,1.0,0.0,,0.06666666666666667,0.06666666666666667,rac,0.06666666666666667,0.06666666666666667,10,0.3,0.0
30,0.0,1.0,0.0,,0.06666666666666667,0.06666666666666667,crc,0.06666666666666667,0.06666666666666667,10,0.4,0.0
30,0.0,1.0,0.0,,0.06666666666666667,0.06666666666666667,rac,0.06666666666666667,0.06666666666666667,10,0.4,0.0
31,0.2903225806451613,0.7096774193548387,0.0,0.1111111111111111,0.0,0.03225806451612903,prob_threshold,0.03225806451612903,0.03225806451612903,11,0.05,
31,0.2903225806451613,0.7096774193548387,0.0,0.1111111111111111,0.0,0.03225806451612903,prob_threshold,0.03225806451612903,0.03225806451612903,11,0.1,
31,0.2903225806451613,0.7096774193548387,0.0,0.1111111111111111,0.0,0.03225806451612903,prob_threshold,0.03225806451612903,0.03225806451612903,11,0.15000000000000002,
31,0.2903225806451613,0.7096774193548387,0.0,0.1111111111111111,0.0,0.03225806451612903,prob_threshold,0.03225806451612903,0.03225806451612903,11,0.2,
31,0.2903225806451613,0.7096774193548387,0.0,0.1111111111111111,0.0,0.03225806451612903,prob_threshold,0.03225806451612903,0.03225806451612903,11,0.25,
31,0.2903225806451613,0.7096774193548387,0.0,0.1111111111111111,0.0,0.03225806451612903,prob_threshold,0.03225806451612903,0.03225806451612903,11,0.3,
31,0.2903225806451613,0.7096774193548387,0.0,0.1111111111111111,0.0,0.03225806451612903,prob_threshold,0.03225806451612903,0.03225806451612903,11,0.35000000000000003,
31,0.2903225806451613,0.7096774193548387,0.0,0.1111111111111111,0.0,0.03225806451612903,prob_threshold,0.03225806451612903,0.03225806451612903,11,0.4,
31,0.2903225806451613,0.7096774193548387,0.0,0.1111111111111111,0.0,0.03225806451612903,prob_threshold,0.03225806451612903,0.03225806451612903,11,0.45,
31,0.25806451612903225,0.6451612903225806,0.0967741935483871,0.125,0.0,0.03225806451612903,uncertainty,0.03225806451612903,0.05161290322580645,11,0.1,
31,0.25806451612903225,0.5483870967741935,0.1935483870967742,0.125,0.0,0.03225806451612903,uncertainty,0.03225806451612903,0.07096774193548387,11,0.2,
31,0.22580645161290322,0.4838709677419355,0.2903225806451613,0.14285714285714285,0.0,0.03225806451612903,uncertainty,0.03225806451612903,0.09032258064516129,11,0.30000000000000004,
31,0.1935483870967742,0.41935483870967744,0.3870967741935484,0.16666666666666666,0.0,0.03225806451612903,uncertainty,0.03225806451612903,0.10967741935483873,11,0.4,
31,0.1935483870967742,0.3225806451612903,0.4838709677419355,0.16666666666666666,0.0,0.03225806451612903,uncertainty,0.03225806451612903,0.12903225806451613,11,0.5,
31,0.12903225806451613,0.2903225806451613,0.5806451612903226,0.0,0.0,0.0,uncertainty,0.0,0.11612903225806454,11,0.6,
31,0.0967741935483871,0.22580645161290322,0.6774193548387096,0.0,0.0,0.0,uncertainty,0.0,0.13548387096774198,11,0.7000000000000001,
31,0.0967741935483871,0.12903225806451613,0.7741935483870968,0.0,0.0,0.0,uncertainty,0.0,0.1548387096774194,11,0.8,
31,0.0,0.12903225806451613,0.8709677419354839,,0.0,0.0,uncertainty,0.0,0.1741935483870968,11,0.9,
31,0.0,0.03225806451612903,0.967741935483871,,0.0,0.0,split_cp,0.0,0.19354838709677424,11,0.05,1.0
31,0.06451612903225806,0.45161290322580644,0.4838709677419355,0.0,0.0,0.0,split_cp,0.0,0.09677419354838712,11,0.1,0.9354838709677419
31,0.06451612903225806,0.45161290322580644,0.4838709677419355,0.0,0.0,0.0,split_cp,0.0,0.09677419354838712,11,0.2,0.9354838709677419
31,0.0967741935483871,0.5806451612903226,0.3225806451612903,0.0,0.0,0.0,split_cp,0.0,0.06451612903225806,11,0.3,0.7096774193548387
31,0.06451612903225806,0.45161290322580644,0.4838709677419355,0.0,0.0,0.0,crc,0.0,0.09677419354838712,11,0.05,0.9354838709677419
31,0.06451612903225806,0.45161290322580644,0.4838709677419355,0.0,0.0,0.0,rac,0.0,0.09677419354838712,11,0.05,0.9354838709677419
31,0.2903225806451613,0.7096774193548387,0.0,0.1111111111111111,0.0,0.03225806451612903,crc,0.03225806451612903,0.03225806451612903,11,0.1,0.0
31,0.2903225806451613,0.7096774193548387,0.0,0.1111111111111111,0.0,0.03225806451612903,rac,0.03225806451612903,0.03225806451612903,11,0.1,0.0
31,0.2903225806451613,0.7096774193548387,0.0,0.1111111111111111,0.0,0.03225806451612903,crc,0.03225806451612903,0.03225806451612903,11,0.15,0.0
31,0.2903225806451613,0.7096774193548387,0.0,0.1111111111111111,0.0,0.03225806451612903,rac,0.03225806451612903,0.03225806451612903,11,0.15,0.0
31,0.2903225806451613,0.7096774193548387,0.0,0.1111111111111111,0.0,0.03225806451612903,crc,0.03225806451612903,0.03225806451612903,11,0.2,0.0
31,0.2903225806451613,0.7096774193548387,0.0,0.1111111111111111,0.0,0.03225806451612903,rac,0.03225806451612903,0.03225806451612903,11,0.2,0.0
31,0.2903225806451613,0.7096774193548387,0.0,0.1111111111111111,0.0,0.03225806451612903,crc,0.03225806451612903,0.03225806451612903,11,0.3,0.0
31,0.2903225806451613,0.7096774193548387,0.0,0.1111111111111111,0.0,0.03225806451612903,rac,0.03225806451612903,0.03225806451612903,11,0.3,0.0
31,0.2903225806451613,0.7096774193548387,0.0,0.1111111111111111,0.0,0.03225806451612903,crc,0.03225806451612903,0.03225806451612903,11,0.4,0.0
31,0.2903225806451613,0.7096774193548387,0.0,0.1111111111111111,0.0,0.03225806451612903,rac,0.03225806451612903,0.03225806451612903,11,0.4,0.0
30,0.2,0.8,0.0,0.3333333333333333,0.16666666666666666,0.2,prob_threshold,0.2,0.2,12,0.05,
30,0.2,0.8,0.0,0.3333333333333333,0.16666666666666666,0.2,prob_threshold,0.2,0.2,12,0.1,
30,0.2,0.8,0.0,0.3333333333333333,0.16666666666666666,0.2,prob_threshold,0.2,0.2,12,0.15000000000000002,
30,0.2,0.8,0.0,0.3333333333333333,0.16666666666666666,0.2,prob_threshold,0.2,0.2,12,0.2,
30,0.2,0.8,0.0,0.3333333333333333,0.16666666666666666,0.2,prob_threshold,0.2,0.2,12,0.25,
30,0.2,0.8,0.0,0.3333333333333333,0.16666666666666666,0.2,prob_threshold,0.2,0.2,12,0.3,
30,0.2,0.8,0.0,0.3333333333333333,0.16666666666666666,0.2,prob_threshold,0.2,0.2,12,0.35000000000000003,
30,0.2,0.8,0.0,0.3333333333333333,0.16666666666666666,0.2,prob_threshold,0.2,0.2,12,0.4,
30,0.2,0.8,0.0,0.3333333333333333,0.16666666666666666,0.2,prob_threshold,0.2,0.2,12,0.45,
30,0.13333333333333333,0.7666666666666667,0.1,0.0,0.17391304347826086,0.13333333333333333,uncertainty,0.13333333333333333,0.15333333333333332,12,0.1,
30,0.13333333333333333,0.6666666666666666,0.2,0.0,0.2,0.13333333333333333,uncertainty,0.13333333333333333,0.17333333333333334,12,0.2,
30,0.13333333333333333,0.5666666666666667,0.3,0.0,0.23529411764705882,0.13333333333333333,uncertainty,0.13333333333333333,0.19333333333333333,12,0.30000000000000004,
30,0.13333333333333333,0.4666666666666667,0.4,0.0,0.21428571428571427,0.1,uncertainty,0.1,0.18000000000000002,12,0.4,
30,0.1,0.4,0.5,0.0,0.16666666666666666,0.06666666666666667,uncertainty,0.06666666666666667,0.16666666666666669,12,0.5,
30,0.06666666666666667,0.3333333333333333,0.6,0.0,0.1,0.03333333333333333,uncertainty,0.03333333333333333,0.15333333333333335,12,0.6,
30,0.06666666666666667,0.23333333333333334,0.7,0.0,0.0,0.0,uncertainty,0.0,0.14000000000000004,12,0.7000000000000001,
30,0.0,0.2,0.8,,0.0,0.0,uncertainty,0.0,0.16000000000000003,12,0.8,
30,0.0,0.1,0.9,,0.0,0.0,uncertainty,0.0,0.18000000000000005,12,0.9,
30,0.0,0.13333333333333333,0.8666666666666667,,0.0,0.0,split_cp,0.0,0.17333333333333337,12,0.05,0.9666666666666667
30,0.0,0.2,0.8,,0.0,0.0,split_cp,0.0,0.16000000000000006,12,0.1,0.9666666666666667
30,0.0,0.26666666666666666,0.7333333333333333,,0.0,0.0,split_cp,0.0,0.1466666666666667,12,0.2,0.9333333333333333
30,0.0,0.36666666666666664,0.6333333333333333,,0.0,0.0,split_cp,0.0,0.12666666666666668,12,0.3,0.8333333333333334
30,0.0,0.36666666666666664,0.6333333333333333,,0.0,0.0,crc,0.0,0.12666666666666668,12,0.05,0.8333333333333334
30,0.0,0.36666666666666664,0.6333333333333333,,0.0,0.0,rac,0.0,0.12666666666666668,12,0.05,0.8333333333333334
30,0.2,0.8,0.0,0.3333333333333333,0.16666666666666666,0.2,crc,0.2,0.2,12,0.1,0.0
30,0.2,0.8,0.0,0.3333333333333333,0.16666666666666666,0.2,rac,0.2,0.2,12,0.1,0.0
30,0.2,0.8,0.0,0.3333333333333333,0.16666666666666666,0.2,crc,0.2,0.2,12,0.15,0.0
30,0.2,0.8,0.0,0.3333333333333333,0.16666666666666666,0.2,rac,0.2,0.2,12,0.15,0.0
30,0.2,0.8,0.0,0.3333333333333333,0.16666666666666666,0.2,crc,0.2,0.2,12,0.2,0.0
30,0.2,0.8,0.0,0.3333333333333333,0.16666666666666666,0.2,rac,0.2,0.2,12,0.2,0.0
30,0.2,0.8,0.0,0.3333333333333333,0.16666666666666666,0.2,crc,0.2,0.2,12,0.3,0.0
30,0.2,0.8,0.0,0.3333333333333333,0.16666666666666666,0.2,rac,0.2,0.2,12,0.3,0.0
30,0.2,0.8,0.0,0.3333333333333333,0.16666666666666666,0.2,crc,0.2,0.2,12,0.4,0.0
30,0.2,0.8,0.0,0.3333333333333333,0.16666666666666666,0.2,rac,0.2,0.2,12,0.4,0.0
30,0.36666666666666664,0.5666666666666667,0.06666666666666667,0.09090909090909091,0.0,0.03333333333333333,prob_threshold,0.03333333333333333,0.04666666666666666,13,0.05,
30,0.4,0.6,0.0,0.16666666666666666,0.0,0.06666666666666667,prob_threshold,0.06666666666666667,0.06666666666666667,13,0.1,
30,0.4,0.6,0.0,0.16666666666666666,0.0,0.06666666666666667,prob_threshold,0.06666666666666667,0.06666666666666667,13,0.15000000000000002,
30,0.4,0.6,0.0,0.16666666666666666,0.0,0.06666666666666667,prob_threshold,0.06666666666666667,0.06666666666666667,13,0.2,
30,0.4,0.6,0.0,0.16666666666666666,0.0,0.06666666666666667,prob_threshold,0.06666666666666667,0.06666666666666667,13,0.25,
30,0.4,0.6,0.0,0.16666666666666666,0.0,0.06666666666666667,prob_threshold,0.06666666666666667,0.06666666666666667,13,0.3,
30,0.4,0.6,0.0,0.16666666666666666,0.0,0.06666666666666667,prob_threshold,0.06666666666666667,0.06666666666666667,13,0.35000000000000003,
30,0.4,0.6,0.0,0.16666666666666666,0.0,0.06666666666666667,prob_threshold,0.06666666666666667,0.06666666666666667,13,0.4,
30,0.4,0.6,0.0,0.16666666666666666,0.0,0.06666666666666667,prob_threshold,0.06666666666666667,0.06666666666666667,13,0.45,
30,0.3333333333333333,0.5666666666666667,0.1,0.1,0.0,0.03333333333333333,uncertainty,0.03333333333333333,0.05333333333333333,13,0.1,
30,0.3,0.5,0.2,0.0,0.0,0.0,uncertainty,0.0,0.04,13,0.2,
30,0.2,0.5,0.3,0.0,0.0,0.0,uncertainty,0.0,0.060000000000000005,13,0.30000000000000004,
30,0.2,0.4,0.4,0.0,0.0,0.0,uncertainty,0.0,0.08000000000000002,13,0.4,
30,0.13333333333333333,0.36666666666666664,0.5,0.0,0.0,0.0,uncertainty,0.0,0.10000000000000003,13,0.5,
30,0.1,0.3,0.6,0.0,0.0,0.0,uncertainty,0.0,0.12000000000000004,13,0.6,
30,0.1,0.2,0.7,0.0,0.0,0.0,uncertainty,0.0,0.14000000000000004,13,0.7000000000000001,
30,0.1,0.1,0.8,0.0,0.0,0.0,uncertainty,0.0,0.16000000000000003,13,0.8,
30,0.03333333333333333,0.06666666666666667,0.9,0.0,0.0,0.0,uncertainty,0.0,0.18000000000000005,13,0.9,
30,0.0,0.06666666666666667,0.9333333333333333,,0.0,0.0,split_cp,0.0,0.1866666666666667,13,0.05,1.0
30,0.0,0.13333333333333333,0.8666666666666667,,0.0,0.0,split_cp,0.0,0.17333333333333337,13,0.1,1.0
30,0.06666666666666667,0.36666666666666664,0.5666666666666667,0.0,0.0,0.0,split_cp,0.0,0.11333333333333336,13,0.2,0.9333333333333333
30,0.1,0.43333333333333335,0.4666666666666667,0.0,0.0,0.0,split_cp,0.0,0.09333333333333335,13,0.3,0.8666666666666667
30,0.03333333333333333,0.16666666666666666,0.8,0.0,0.0,0.0,crc,0.0,0.16000000000000003,13,0.05,1.0
30,0.03333333333333333,0.16666666666666666,0.8,0.0,0.0,0.0,rac,0.0,0.16000000000000003,13,0.05,1.0
30,0.16666666666666666,0.5,0.3333333333333333,0.0,0.0,0.0,crc,0.0,0.06666666666666667,13,0.1,0.7
30,0.16666666666666666,0.5,0.3333333333333333,0.0,0.0,0.0,rac,0.0,0.06666666666666667,13,0.1,0.7
30,0.2,0.5666666666666667,0.23333333333333334,0.0,0.0,0.0,crc,0.0,0.04666666666666666,13,0.15,0.6
30,0.2,0.5666666666666667,0.23333333333333334,0.0,0.0,0.0,rac,0.0,0.04666666666666666,13,0.15,0.6
30,0.3,0.5666666666666667,0.13333333333333333,0.1111111111111111,0.0,0.03333333333333333,crc,0.03333333333333333,0.05999999999999999,13,0.2,0.36666666666666664
30,0.3,0.5666666666666667,0.13333333333333333,0.1111111111111111,0.0,0.03333333333333333,rac,0.03333333333333333,0.05999999999999999,13,0.2,0.36666666666666664
30,0.3333333333333333,0.5666666666666667,0.1,0.1,0.0,0.03333333333333333,crc,0.03333333333333333,0.05333333333333333,13,0.3,0.2
30,0.3333333333333333,0.5666666666666667,0.1,0.1,0.0,0.03333333333333333,rac,0.03333333333333333,0.05333333333333333,13,0.3,0.2
30,0.4,0.6,0.0,0.16666666666666666,0.0,0.06666666666666667,crc,0.06666666666666667,0.06666666666666667,13,0.4,0.0
30,0.4,0.6,0.0,0.16666666666666666,0.0,0.06666666666666667,rac,0.06666666666666667,0.06666666666666667,13,0.4,0.0
31,0.2903225806451613,0.7096774193548387,0.0,0.1111111111111111,0.045454545454545456,0.06451612903225806,prob_threshold,0.06451612903225806,0.06451612903225806,14,0.05,
31,0.2903225806451613,0.7096774193548387,0.0,0.1111111111111111,0.045454545454545456,0.06451612903225806,prob_threshold,0.06451612903225806,0.06451612903225806,14,0.1,
31,0.2903225806451613,0.7096774193548387,0.0,0.1111111111111111,0.045454545454545456,0.06451612903225806,prob_threshold,0.06451612903225806,0.06451612903225806,14,0.15000000000000002,
31,0.2903225806451613,0.7096774193548387,0.0,0.1111111111111111,0.045454545454545456,0.06451612903225806,prob_threshold,0.06451612903225806,0.06451612903225806,14,0.2,
31,0.2903225806451613,0.7096774193548387,0.0,0.1111111111111111,0.045454545454545456,0.06451612903225806,prob_threshold,0.06451612903225806,0.06451612903225806,14,0.25,
31,0.2903225806451613,0.7096774193548387,0.0,0.1111111111111111,0.045454545454545456,0.06451612903225806,prob_threshold,0.06451612903225806,0.06451612903225806,14,0.3,
31,0.2903225806451613,0.7096774193548387,0.0,0.1111111111111111,0.045454545454545456,0.06451612903225806,prob_threshold,0.06451612903225806,0.06451612903225806,14,0.35000000000000003,
31,0.2903225806451613,0.7096774193548387,0.0,0.1111111111111111,0.045454545454545456,0.06451612903225806,prob_threshold,0.06451612903225806,0.06451612903225806,14,0.4,
31,0.2903225806451613,0.7096774193548387,0.0,0.1111111111111111,0.045454545454545456,0.06451612903225806,prob_threshold,0.06451612903225806,0.06451612903225806,14,0.45,
31,0.2903225806451613,0.6129032258064516,0.0967741935483871,0.1111111111111111,0.05263157894736842,0.06451612903225806,uncertainty,0.06451612903225806,0.08387096774193549,14,0.1,
31,0.2903225806451613,0.5161290322580645,0.1935483870967742,0.1111111111111111,0.0625,0.06451612903225806,uncertainty,0.06451612903225806,0.1032258064516129,14,0.2,
31,0.22580645161290322,0.4838709677419355,0.2903225806451613,0.14285714285714285,0.06666666666666667,0.06451612903225806,uncertainty,0.06451612903225806,0.12258064516129032,14,0.30000000000000004,
31,0.1935483870967742,0.41935483870967744,0.3870967741935484,0.16666666666666666,0.07692307692307693,0.06451612903225806,uncertainty,0.06451612903225806,0.14193548387096774,14,0.4,
31,0.1935483870967742,0.3225806451612903,0.4838709677419355,0.16666666666666666,0.0,0.03225806451612903,uncertainty,0.03225806451612903,0.12903225806451615,14,0.5,
31,0.12903225806451613,0.2903225806451613,0.5806451612903226,0.25,0.0,0.03225806451612903,uncertainty,0.03225806451612903,0.1483870967741936,14,0.6,
31,0.0967741935483871,0.22580645161290322,0.6774193548387096,0.0,0.0,0.0,uncertainty,0.0,0.13548387096774198,14,0.7000000000000001,
31,0.06451612903225806,0.16129032258064516,0.7741935483870968,0.0,0.0,0.0,uncertainty,0.0,0.1548387096774194,14,0.8,
31,0.0,0.12903225806451613,0.8709677419354839,,0.0,0.0,uncertainty,0.0,0.1741935483870968,14,0.9,
31,0.03225806451612903,0.12903225806451613,0.8387096774193549,0.0,0.0,0.0,split_cp,0.0,0.167741935483871,14,0.05,0.967741935483871
31,0.03225806451612903,0.16129032258064516,0.8064516129032258,0.0,0.0,0.0,split_cp,0.0,0.16129032258064518,14,0.1,0.9354838709677419
31,0.06451612903225806,0.16129032258064516,0.7741935483870968,0.0,0.0,0.0,split_cp,0.0,0.1548387096774194,14,0.2,0.9354838709677419
31,0.06451612903225806,0.3225806451612903,0.6129032258064516,0.0,0.0,0.0,split_cp,0.0,0.12258064516129034,14,0.3,0.8387096774193549
31,0.06451612903225806,0.3225806451612903,0.6129032258064516,0.0,0.0,0.0,crc,0.0,0.12258064516129034,14,0.05,0.8387096774193549
31,0.06451612903225806,0.3225806451612903,0.6129032258064516,0.0,0.0,0.0,rac,0.0,0.12258064516129034,14,0.05,0.8387096774193549
31,0.12903225806451613,0.5483870967741935,0.3225806451612903,0.0,0.0,0.0,crc,0.0,0.06451612903225806,14,0.1,0.7096774193548387
31,0.12903225806451613,0.5483870967741935,0.3225806451612903,0.0,0.0,0.0,rac,0.0,0.06451612903225806,14,0.1,0.7096774193548387
31,0.12903225806451613,0.5806451612903226,0.2903225806451613,0.0,0.0,0.0,crc,0.0,0.05806451612903226,14,0.15,0.6129032258064516
31,0.12903225806451613,0.5806451612903226,0.2903225806451613,0.0,0.0,0.0,rac,0.0,0.05806451612903226,14,0.15,0.6129032258064516
31,0.2903225806451613,0.7096774193548387,0.0,0.1111111111111111,0.045454545454545456,0.06451612903225806,crc,0.06451612903225806,0.06451612903225806,14,0.2,0.0
31,0.2903225806451613,0.7096774193548387,0.0,0.1111111111111111,0.045454545454545456,0.06451612903225806,rac,0.06451612903225806,0.06451612903225806,14,0.2,0.0
31,0.2903225806451613,0.7096774193548387,0.0,0.1111111111111111,0.045454545454545456,0.06451612903225806,crc,0.06451612903225806,0.06451612903225806,14,0.3,0.0
31,0.2903225806451613,0.7096774193548387,0.0,0.1111111111111111,0.045454545454545456,0.06451612903225806,rac,0.06451612903225806,0.06451612903225806,14,0.3,0.0
31,0.2903225806451613,0.7096774193548387,0.0,0.1111111111111111,0.045454545454545456,0.06451612903225806,crc,0.06451612903225806,0.06451612903225806,14,0.4,0.0
31,0.2903225806451613,0.7096774193548387,0.0,0.1111111111111111,0.045454545454545456,0.06451612903225806,rac,0.06451612903225806,0.06451612903225806,14,0.4,0.0
31,0.22580645161290322,0.7419354838709677,0.03225806451612903,0.42857142857142855,0.08695652173913043,0.16129032258064516,prob_threshold,0.16129032258064516,0.16774193548387098,15,0.05,
31,0.22580645161290322,0.7419354838709677,0.03225806451612903,0.42857142857142855,0.08695652173913043,0.16129032258064516,prob_threshold,0.16129032258064516,0.16774193548387098,15,0.1,
31,0.22580645161290322,0.7741935483870968,0.0,0.42857142857142855,0.125,0.1935483870967742,prob_threshold,0.1935483870967742,0.1935483870967742,15,0.15000000000000002,
31,0.22580645161290322,0.7741935483870968,0.0,0.42857142857142855,0.125,0.1935483870967742,prob_threshold,0.1935483870967742,0.1935483870967742,15,0.2,
31,0.22580645161290322,0.7741935483870968,0.0,0.42857142857142855,0.125,0.1935483870967742,prob_threshold,0.1935483870967742,0.1935483870967742,15,0.25,
31,0.22580645161290322,0.7741935483870968,0.0,0.42857142857142855,0.125,0.1935483870967742,prob_threshold,0.1935483870967742,0.1935483870967742,15,0.3,
31,0.22580645161290322,0.7741935483870968,0.0,0.42857142857142855,0.125,0.1935483870967742,prob_threshold,0.1935483870967742,0.1935483870967742,15,0.35000000000000003,
31,0.22580645161290322,0.7741935483870968,0.0,0.42857142857142855,0.125,0.1935483870967742,prob_threshold,0.1935483870967742,0.1935483870967742,15,0.4,
31,0.22580645161290322,0.7741935483870968,0.0,0.42857142857142855,0.125,0.1935483870967742,prob_threshold,0.1935483870967742,0.1935483870967742,15,0.45,
31,0.22580645161290322,0.6774193548387096,0.0967741935483871,0.42857142857142855,0.09523809523809523,0.16129032258064516,uncertainty,0.16129032258064516,0.1806451612903226,15,0.1,
31,0.16129032258064516,0.6451612903225806,0.1935483870967742,0.4,0.1,0.12903225806451613,uncertainty,0.12903225806451613,0.16774193548387095,15,0.2,
31,0.16129032258064516,0.5483870967741935,0.2903225806451613,0.4,0.11764705882352941,0.12903225806451613,uncertainty,0.12903225806451613,0.18709677419354842,15,0.30000000000000004,
31,0.12903225806451613,0.4838709677419355,0.3870967741935484,0.5,0.13333333333333333,0.12903225806451613,uncertainty,0.12903225806451613,0.2064516129032258,15,0.4,
31,0.12903225806451613,0.3870967741935484,0.4838709677419355,0.5,0.16666666666666666,0.12903225806451613,uncertainty,0.12903225806451613,0.22580645161290325,15,0.5,
31,0.12903225806451613,0.2903225806451613,0.5806451612903226,0.5,0.1111111111111111,0.0967741935483871,uncertainty,0.0967741935483871,0.21290322580645163,15,0.6,
31,0.0967741935483871,0.22580645161290322,0.6774193548387096,0.6666666666666666,0.14285714285714285,0.0967741935483871,uncertainty,0.0967741935483871,0.23225806451612904,15,0.7000000000000001,
31,0.06451612903225806,0.16129032258064516,0.7741935483870968,0.5,0.2,0.06451612903225806,uncertainty,0.06451612903225806,0.21935483870967745,15,0.8,
31,0.06451612903225806,0.06451612903225806,0.8709677419354839,0.5,0.0,0.03225806451612903,uncertainty,0.03225806451612903,0.20645161290322583,15,0.9,
31,0.0,0.0967741935483871,0.9032258064516129,,0.0,0.0,split_cp,0.0,0.18064516129032263,15,0.05,0.967741935483871
31,0.03225806451612903,0.1935483870967742,0.7741935483870968,0.0,0.0,0.0,split_cp,0.0,0.15483870967741942,15,0.1,0.967741935483871
31,0.06451612903225806,0.41935483870967744,0.5161290322580645,0.0,0.07692307692307693,0.03225806451612903,split_cp,0.03225806451612903,0.13548387096774198,15,0.2,0.8709677419354839
31,0.06451612903225806,0.5806451612903226,0.3548387096774194,0.0,0.05555555555555555,0.03225806451612903,split_cp,0.03225806451612903,0.10322580645161292,15,0.3,0.8064516129032258
31,0.0967741935483871,0.6129032258064516,0.2903225806451613,0.0,0.05263157894736842,0.03225806451612903,crc,0.03225806451612903,0.09032258064516131,15,0.05,0.6774193548387096
31,0.0967741935483871,0.6129032258064516,0.2903225806451613,0.0,0.05263157894736842,0.03225806451612903,rac,0.03225806451612903,0.09032258064516131,15,0.05,0.6774193548387096
31,0.1935483870967742,0.7419354838709677,0.06451612903225806,0.3333333333333333,0.08695652173913043,0.12903225806451613,crc,0.12903225806451613,0.14193548387096774,15,0.1,0.3225806451612903
31,0.1935483870967742,0.7419354838709677,0.06451612903225806,0.3333333333333333,0.08695652173913043,0.12903225806451613,rac,0.12903225806451613,0.14193548387096774,15,0.1,0.3225806451612903
31,0.22580645161290322,0.7741935483870968,0.0,0.42857142857142855,0.125,0.1935483870967742,crc,0.1935483870967742,0.1935483870967742,15,0.15,0.0
31,0.22580645161290322,0.7741935483870968,0.0,0.42857142857142855,0.125,0.1935483870967742,rac,0.1935483870967742,0.1935483870967742,15,0.15,0.0
31,0.22580645161290322,0.7741935483870968,0.0,0.42857142857142855,0.125,0.1935483870967742,crc,0.1935483870967742,0.1935483870967742,15,0.2,0.0
31,0.22580645161290322,0.7741935483870968,0.0,0.42857142857142855,0.125,0.1935483870967742,rac,0.1935483870967742,0.1935483870967742,15,0.2,0.0
31,0.22580645161290322,0.7741935483870968,0.0,0.42857142857142855,0.125,0.1935483870967742,crc,0.1935483870967742,0.1935483870967742,15,0.3,0.0
31,0.22580645161290322,0.7741935483870968,0.0,0.42857142857142855,0.125,0.1935483870967742,rac,0.1935483870967742,0.1935483870967742,15,0.3,0.0
31,0.22580645161290322,0.7741935483870968,0.0,0.42857142857142855,0.125,0.1935483870967742,crc,0.1935483870967742,0.1935483870967742,15,0.4,0.0
31,0.22580645161290322,0.7741935483870968,0.0,0.42857142857142855,0.125,0.1935483870967742,rac,0.1935483870967742,0.1935483870967742,15,0.4,0.0
32,0.09375,0.90625,0.0,0.3333333333333333,0.13793103448275862,0.15625,prob_threshold,0.15625,0.15625,16,0.05,
32,0.09375,0.90625,0.0,0.3333333333333333,0.13793103448275862,0.15625,prob_threshold,0.15625,0.15625,16,0.1,
32,0.09375,0.90625,0.0,0.3333333333333333,0.13793103448275862,0.15625,prob_threshold,0.15625,0.15625,16,0.15000000000000002,
32,0.09375,0.90625,0.0,0.3333333333333333,0.13793103448275862,0.15625,prob_threshold,0.15625,0.15625,16,0.2,
32,0.09375,0.90625,0.0,0.3333333333333333,0.13793103448275862,0.15625,prob_threshold,0.15625,0.15625,16,0.25,
32,0.09375,0.90625,0.0,0.3333333333333333,0.13793103448275862,0.15625,prob_threshold,0.15625,0.15625,16,0.3,
32,0.09375,0.90625,0.0,0.3333333333333333,0.13793103448275862,0.15625,prob_threshold,0.15625,0.15625,16,0.35000000000000003,
32,0.09375,0.90625,0.0,0.3333333333333333,0.13793103448275862,0.15625,prob_threshold,0.15625,0.15625,16,0.4,
32,0.09375,0.90625,0.0,0.3333333333333333,0.13793103448275862,0.15625,prob_threshold,0.15625,0.15625,16,0.45,
32,0.09375,0.8125,0.09375,0.3333333333333333,0.15384615384615385,0.15625,uncertainty,0.15625,0.175,16,0.1,
32,0.09375,0.71875,0.1875,0.3333333333333333,0.13043478260869565,0.125,uncertainty,0.125,0.1625,16,0.2,
32,0.09375,0.625,0.28125,0.3333333333333333,0.1,0.09375,uncertainty,0.09375,0.15000000000000002,16,0.30000000000000004,
32,0.09375,0.53125,0.375,0.3333333333333333,0.058823529411764705,0.0625,uncertainty,0.0625,0.1375,16,0.4,
32,0.09375,0.40625,0.5,0.3333333333333333,0.07692307692307693,0.0625,uncertainty,0.0625,0.16249999999999998,16,0.5,
32,0.09375,0.3125,0.59375,0.3333333333333333,0.1,0.0625,uncertainty,0.0625,0.18125,16,0.6,
32,0.0625,0.25,0.6875,0.0,0.0,0.0,uncertainty,0.0,0.1375,16,0.7000000000000001,
32,0.0625,0.15625,0.78125,0.0,0.0,0.0,uncertainty,0.0,0.15625,16,0.8,
32,0.0625,0.0625,0.875,0.0,0.0,0.0,uncertainty,0.0,0.17500000000000002,16,0.9,
32,0.0625,0.25,0.6875,0.0,0.0,0.0,split_cp,0.0,0.1375,16,0.05,0.9375
32,0.0625,0.25,0.6875,0.0,0.0,0.0,split_cp,0.0,0.1375,16,0.1,0.9375
32,0.0625,0.4375,0.5,0.0,0.0,0.0,split_cp,0.0,0.1,16,0.2,0.84375
32,0.0625,0.71875,0.21875,0.0,0.043478260869565216,0.03125,split_cp,0.03125,0.075,16,0.3,0.75
32,0.0625,0.3125,0.625,0.0,0.0,0.0,crc,0.0,0.125,16,0.05,0.875
32,0.0625,0.3125,0.625,0.0,0.0,0.0,rac,0.0,0.125,16,0.05,0.875
32,0.0625,0.8125,0.125,0.0,0.11538461538461539,0.09375,crc,0.09375,0.11875,16,0.1,0.5625
32,0.0625,0.8125,0.125,0.0,0.11538461538461539,0.09375,rac,0.09375,0.11875,16,0.1,0.5625
32,0.09375,0.90625,0.0,0.3333333333333333,0.13793103448275862,0.15625,crc,0.15625,0.15625,16,0.15,0.0
32,0.09375,0.90625,0.0,0.3333333333333333,0.13793103448275862,0.15625,rac,0.15625,0.15625,16,0.15,0.0
32,0.09375,0.90625,0.0,0.3333333333333333,0.13793103448275862,0.15625,crc,0.15625,0.15625,16,0.2,0.0
32,0.09375,0.90625,0.0,0.3333333333333333,0.13793103448275862,0.15625,rac,0.15625,0.15625,16,0.2,0.0
32,0.09375,0.90625,0.0,0.3333333333333333,0.13793103448275862,0.15625,crc,0.15625,0.15625,16,0.3,0.0
32,0.09375,0.90625,0.0,0.3333333333333333,0.13793103448275862,0.15625,rac,0.15625,0.15625,16,0.3,0.0
32,0.09375,0.90625,0.0,0.3333333333333333,0.13793103448275862,0.15625,crc,0.15625,0.15625,16,0.4,0.0
32,0.09375,0.90625,0.0,0.3333333333333333,0.13793103448275862,0.15625,rac,0.15625,0.15625,16,0.4,0.0
31,0.16129032258064516,0.8064516129032258,0.03225806451612903,0.0,0.16,0.12903225806451613,prob_threshold,0.12903225806451613,0.13548387096774195,17,0.05,
31,0.16129032258064516,0.8064516129032258,0.03225806451612903,0.0,0.16,0.12903225806451613,prob_threshold,0.12903225806451613,0.13548387096774195,17,0.1,
31,0.16129032258064516,0.8064516129032258,0.03225806451612903,0.0,0.16,0.12903225806451613,prob_threshold,0.12903225806451613,0.13548387096774195,17,0.15000000000000002,
31,0.16129032258064516,0.8064516129032258,0.03225806451612903,0.0,0.16,0.12903225806451613,prob_threshold,0.12903225806451613,0.13548387096774195,17,0.2,
31,0.16129032258064516,0.8064516129032258,0.03225806451612903,0.0,0.16,0.12903225806451613,prob_threshold,0.12903225806451613,0.13548387096774195,17,0.25,
31,0.16129032258064516,0.8064516129032258,0.03225806451612903,0.0,0.16,0.12903225806451613,prob_threshold,0.12903225806451613,0.13548387096774195,17,0.3,
31,0.16129032258064516,0.8064516129032258,0.03225806451612903,0.0,0.16,0.12903225806451613,prob_threshold,0.12903225806451613,0.13548387096774195,17,0.35000000000000003,
31,0.1935483870967742,0.8064516129032258,0.0,0.16666666666666666,0.16,0.16129032258064516,prob_threshold,0.16129032258064516,0.16129032258064516,17,0.4,
31,0.1935483870967742,0.8064516129032258,0.0,0.16666666666666666,0.16,0.16129032258064516,prob_threshold,0.16129032258064516,0.16129032258064516,17,0.45,
31,0.1935483870967742,0.7096774193548387,0.0967741935483871,0.16666666666666666,0.13636363636363635,0.12903225806451613,uncertainty,0.12903225806451613,0.14838709677419357,17,0.1,
31,0.1935483870967742,0.6129032258064516,0.1935483870967742,0.16666666666666666,0.10526315789473684,0.0967741935483871,uncertainty,0.0967741935483871,0.13548387096774195,17,0.2,
31,0.1935483870967742,0.5161290322580645,0.2903225806451613,0.16666666666666666,0.125,0.0967741935483871,uncertainty,0.0967741935483871,0.15483870967741936,17,0.30000000000000004,
31,0.1935483870967742,0.41935483870967744,0.3870967741935484,0.16666666666666666,0.15384615384615385,0.0967741935483871,uncertainty,0.0967741935483871,0.17419354838709677,17,0.4,
31,0.16129032258064516,0.3548387096774194,0.4838709677419355,0.2,0.09090909090909091,0.06451612903225806,uncertainty,0.06451612903225806,0.16129032258064518,17,0.5,
31,0.12903225806451613,0.2903225806451613,0.5806451612903226,0.0,0.1111111111111111,0.03225806451612903,uncertainty,0.03225806451612903,0.14838709677419357,17,0.6,
31,0.06451612903225806,0.25806451612903225,0.6774193548387096,0.0,0.125,0.03225806451612903,uncertainty,0.03225806451612903,0.167741935483871,17,0.7000000000000001,
31,0.03225806451612903,0.1935483870967742,0.7741935483870968,0.0,0.16666666666666666,0.03225806451612903,uncertainty,0.03225806451612903,0.18709677419354845,17,0.8,
31,0.0,0.12903225806451613,0.8709677419354839,,0.25,0.03225806451612903,uncertainty,0.03225806451612903,0.20645161290322583,17,0.9,
31,0.06451612903225806,0.3548387096774194,0.5806451612903226,0.0,0.09090909090909091,0.03225806451612903,split_cp,0.03225806451612903,0.14838709677419357,17,0.05,0.8064516129032258
31,0.06451612903225806,0.3548387096774194,0.5806451612903226,0.0,0.09090909090909091,0.03225806451612903,split_cp,0.03225806451612903,0.14838709677419357,17,0.1,0.8064516129032258
31,0.12903225806451613,0.5161290322580645,0.3548387096774194,0.0,0.0625,0.03225806451612903,split_cp,0.03225806451612903,0.10322580645161292,17,0.2,0.6129032258064516
31,0.12903225806451613,0.5483870967741935,0.3225806451612903,0.0,0.058823529411764705,0.03225806451612903,split_cp,0.03225806451612903,0.09677419354838712,17,0.3,0.5483870967741935
31,0.16129032258064516,0.6451612903225806,0.1935483870967742,0.0,0.1,0.06451612903225806,crc,0.06451612903225806,0.1032258064516129,17,0.05,0.3225806451612903
31,0.16129032258064516,0.6451612903225806,0.1935483870967742,0.0,0.1,0.06451612903225806,rac,0.06451612903225806,0.1032258064516129,17,0.05,0.3225806451612903
31,0.1935483870967742,0.8064516129032258,0.0,0.16666666666666666,0.16,0.16129032258064516,crc,0.16129032258064516,0.16129032258064516,17,0.1,0.0
31,0.1935483870967742,0.8064516129032258,0.0,0.16666666666666666,0.16,0.16129032258064516,rac,0.16129032258064516,0.16129032258064516,17,0.1,0.0
31,0.1935483870967742,0.8064516129032258,0.0,0.16666666666666666,0.16,0.16129032258064516,crc,0.16129032258064516,0.16129032258064516,17,0.15,0.0
31,0.1935483870967742,0.8064516129032258,0.0,0.16666666666666666,0.16,0.16129032258064516,rac,0.16129032258064516,0.16129032258064516,17,0.15,0.0
31,0.1935483870967742,0.8064516129032258,0.0,0.16666666666666666,0.16,0.16129032258064516,crc,0.16129032258064516,0.16129032258064516,17,0.2,0.0
31,0.1935483870967742,0.8064516129032258,0.0,0.16666666666666666,0.16,0.16129032258064516,rac,0.16129032258064516,0.16129032258064516,17,0.2,0.0
31,0.1935483870967742,0.8064516129032258,0.0,0.16666666666666666,0.16,0.16129032258064516,crc,0.16129032258064516,0.16129032258064516,17,0.3,0.0
31,0.1935483870967742,0.8064516129032258,0.0,0.16666666666666666,0.16,0.16129032258064516,rac,0.16129032258064516,0.16129032258064516,17,0.3,0.0
31,0.1935483870967742,0.8064516129032258,0.0,0.16666666666666666,0.16,0.16129032258064516,crc,0.16129032258064516,0.16129032258064516,17,0.4,0.0
31,0.1935483870967742,0.8064516129032258,0.0,0.16666666666666666,0.16,0.16129032258064516,rac,0.16129032258064516,0.16129032258064516,17,0.4,0.0
31,0.3870967741935484,0.4838709677419355,0.12903225806451613,0.08333333333333333,0.06666666666666667,0.06451612903225806,prob_threshold,0.06451612903225806,0.09032258064516129,18,0.05,
31,0.41935483870967744,0.4838709677419355,0.0967741935483871,0.15384615384615385,0.06666666666666667,0.0967741935483871,prob_threshold,0.0967741935483871,0.11612903225806452,18,0.1,
31,0.45161290322580644,0.4838709677419355,0.06451612903225806,0.21428571428571427,0.06666666666666667,0.12903225806451613,prob_threshold,0.12903225806451613,0.14193548387096774,18,0.15000000000000002,
31,0.45161290322580644,0.4838709677419355,0.06451612903225806,0.21428571428571427,0.06666666666666667,0.12903225806451613,prob_threshold,0.12903225806451613,0.14193548387096774,18,0.2,
31,0.45161290322580644,0.4838709677419355,0.06451612903225806,0.21428571428571427,0.06666666666666667,0.12903225806451613,prob_threshold,0.12903225806451613,0.14193548387096774,18,0.25,
31,0.45161290322580644,0.4838709677419355,0.06451612903225806,0.21428571428571427,0.06666666666666667,0.12903225806451613,prob_threshold,0.12903225806451613,0.14193548387096774,18,0.3,
31,0.45161290322580644,0.4838709677419355,0.06451612903225806,0.21428571428571427,0.06666666666666667,0.12903225806451613,prob_threshold,0.12903225806451613,0.14193548387096774,18,0.35000000000000003,
31,0.45161290322580644,0.4838709677419355,0.06451612903225806,0.21428571428571427,0.06666666666666667,0.12903225806451613,prob_threshold,0.12903225806451613,0.14193548387096774,18,0.4,
31,0.45161290322580644,0.4838709677419355,0.06451612903225806,0.21428571428571427,0.06666666666666667,0.12903225806451613,prob_threshold,0.12903225806451613,0.14193548387096774,18,0.45,
31,0.41935483870967744,0.4838709677419355,0.0967741935483871,0.15384615384615385,0.13333333333333333,0.12903225806451613,uncertainty,0.12903225806451613,0.14838709677419357,18,0.1,
31,0.3870967741935484,0.41935483870967744,0.1935483870967742,0.08333333333333333,0.15384615384615385,0.0967741935483871,uncertainty,0.0967741935483871,0.13548387096774195,18,0.2,
31,0.3225806451612903,0.3870967741935484,0.2903225806451613,0.1,0.16666666666666666,0.0967741935483871,uncertainty,0.0967741935483871,0.15483870967741936,18,0.30000000000000004,
31,0.2903225806451613,0.3225806451612903,0.3870967741935484,0.1111111111111111,0.2,0.0967741935483871,uncertainty,0.0967741935483871,0.17419354838709677,18,0.4,
31,0.1935483870967742,0.3225806451612903,0.4838709677419355,0.0,0.2,0.06451612903225806,uncertainty,0.06451612903225806,0.16129032258064516,18,0.5,
31,0.12903225806451613,0.2903225806451613,0.5806451612903226,0.0,0.2222222222222222,0.06451612903225806,uncertainty,0.06451612903225806,0.1806451612903226,18,0.6,
31,0.0967741935483871,0.22580645161290322,0.6774193548387096,0.0,0.2857142857142857,0.06451612903225806,uncertainty,0.06451612903225806,0.20000000000000004,18,0.7000000000000001,
31,0.0967741935483871,0.12903225806451613,0.7741935483870968,0.0,0.25,0.03225806451612903,uncertainty,0.03225806451612903,0.18709677419354842,18,0.8,
31,0.03225806451612903,0.0967741935483871,0.8709677419354839,0.0,0.3333333333333333,0.03225806451612903,uncertainty,0.03225806451612903,0.20645161290322583,18,0.9,
31,0.06451612903225806,0.1935483870967742,0.7419354838709677,0.0,0.16666666666666666,0.03225806451612903,split_cp,0.03225806451612903,0.1806451612903226,18,0.05,0.9032258064516129
31,0.06451612903225806,0.22580645161290322,0.7096774193548387,0.0,0.14285714285714285,0.03225806451612903,split_cp,0.03225806451612903,0.17419354838709677,18,0.1,0.8387096774193549
31,0.06451612903225806,0.2903225806451613,0.6451612903225806,0.0,0.1111111111111111,0.03225806451612903,split_cp,0.03225806451612903,0.16129032258064518,18,0.2,0.8387096774193549
31,0.16129032258064516,0.3548387096774194,0.4838709677419355,0.0,0.09090909090909091,0.03225806451612903,split_cp,0.03225806451612903,0.12903225806451613,18,0.3,0.7741935483870968
31,0.16129032258064516,0.3548387096774194,0.4838709677419355,0.0,0.09090909090909091,0.03225806451612903,crc,0.03225806451612903,0.12903225806451613,18,0.05,0.7741935483870968
31,0.16129032258064516,0.3548387096774194,0.4838709677419355,0.0,0.09090909090909091,0.03225806451612903,rac,0.03225806451612903,0.12903225806451613,18,0.05,0.7741935483870968
31,0.1935483870967742,0.3870967741935484,0.41935483870967744,0.0,0.08333333333333333,0.03225806451612903,crc,0.03225806451612903,0.11612903225806452,18,0.1,0.6774193548387096
31,0.1935483870967742,0.3870967741935484,0.41935483870967744,0.0,0.08333333333333333,0.03225806451612903,rac,0.03225806451612903,0.11612903225806452,18,0.1,0.6774193548387096
31,0.3225806451612903,0.45161290322580644,0.22580645161290322,0.1,0.07142857142857142,0.06451612903225806,crc,0.06451612903225806,0.10967741935483871,18,0.15,0.3225806451612903
31,0.3225806451612903,0.45161290322580644,0.22580645161290322,0.1,0.07142857142857142,0.06451612903225806,rac,0.06451612903225806,0.10967741935483871,18,0.15,0.3225806451612903
31,0.3548387096774194,0.4838709677419355,0.16129032258064516,0.09090909090909091,0.06666666666666667,0.06451612903225806,crc,0.06451612903225806,0.0967741935483871,18,0.2,0.16129032258064516
31,0.3548387096774194,0.4838709677419355,0.16129032258064516,0.09090909090909091,0.06666666666666667,0.06451612903225806,rac,0.06451612903225806,0.0967741935483871,18,0.2,0.16129032258064516
31,0.4838709677419355,0.5161290322580645,0.0,0.2,0.125,0.16129032258064516,crc,0.16129032258064516,0.16129032258064516,18,0.3,0.0
31,0.4838709677419355,0.5161290322580645,0.0,0.2,0.125,0.16129032258064516,rac,0.16129032258064516,0.16129032258064516,18,0.3,0.0
31,0.4838709677419355,0.5161290322580645,0.0,0.2,0.125,0.16129032258064516,crc,0.16129032258064516,0.16129032258064516,18,0.4,0.0
31,0.4838709677419355,0.5161290322580645,0.0,0.2,0.125,0.16129032258064516,rac,0.16129032258064516,0.16129032258064516,18,0.4,0.0
32,0.15625,0.78125,0.0625,0.2,0.04,0.0625,prob_threshold,0.0625,0.075,19,0.05,
32,0.15625,0.8125,0.03125,0.2,0.07692307692307693,0.09375,prob_threshold,0.09375,0.1,19,0.1,
32,0.15625,0.8125,0.03125,0.2,0.07692307692307693,0.09375,prob_threshold,0.09375,0.1,19,0.15000000000000002,
32,0.15625,0.84375,0.0,0.2,0.07407407407407407,0.09375,prob_threshold,0.09375,0.09375,19,0.2,
32,0.15625,0.84375,0.0,0.2,0.07407407407407407,0.09375,prob_threshold,0.09375,0.09375,19,0.25,
32,0.15625,0.84375,0.0,0.2,0.07407407407407407,0.09375,prob_threshold,0.09375,0.09375,19,0.3,
32,0.15625,0.84375,0.0,0.2,0.07407407407407407,0.09375,prob_threshold,0.09375,0.09375,19,0.35000000000000003,
32,0.15625,0.84375,0.0,0.2,0.07407407407407407,0.09375,prob_threshold,0.09375,0.09375,19,0.4,
32,0.15625,0.84375,0.0,0.2,0.07407407407407407,0.09375,prob_threshold,0.09375,0.09375,19,0.45,
32,0.15625,0.75,0.09375,0.2,0.041666666666666664,0.0625,uncertainty,0.0625,0.08124999999999999,19,0.1,
32,0.15625,0.65625,0.1875,0.2,0.047619047619047616,0.0625,uncertainty,0.0625,0.1,19,0.2,
32,0.15625,0.5625,0.28125,0.2,0.0,0.03125,uncertainty,0.03125,0.0875,19,0.30000000000000004,
32,0.15625,0.46875,0.375,0.2,0.0,0.03125,uncertainty,0.03125,0.10625,19,0.4,
32,0.125,0.375,0.5,0.25,0.0,0.03125,uncertainty,0.03125,0.13125,19,0.5,
32,0.0625,0.34375,0.59375,0.5,0.0,0.03125,uncertainty,0.03125,0.15000000000000002,19,0.6,
32,0.0625,0.25,0.6875,0.5,0.0,0.03125,uncertainty,0.03125,0.16875,19,0.7000000000000001,
32,0.0625,0.15625,0.78125,0.5,0.0,0.03125,uncertainty,0.03125,0.1875,19,0.8,
32,0.0,0.125,0.875,,0.0,0.0,uncertainty,0.0,0.17500000000000002,19,0.9,
32,0.0,0.125,0.875,,0.0,0.0,split_cp,0.0,0.17500000000000002,19,0.05,1.0
32,0.0,0.28125,0.71875,,0.0,0.0,split_cp,0.0,0.14375000000000002,19,0.1,1.0
32,0.0,0.40625,0.59375,,0.0,0.0,split_cp,0.0,0.11875000000000001,19,0.2,1.0
32,0.0,0.5625,0.4375,,0.0,0.0,split_cp,0.0,0.08750000000000001,19,0.3,0.90625
32,0.0,0.5625,0.4375,,0.0,0.0,crc,0.0,0.08750000000000001,19,0.05,0.875
32,0.0,0.5625,0.4375,,0.0,0.0,rac,0.0,0.08750000000000001,19,0.05,0.875
32,0.15625,0.71875,0.125,0.2,0.043478260869565216,0.0625,crc,0.0625,0.08750000000000001,19,0.1,0.34375
32,0.15625,0.71875,0.125,0.2,0.043478260869565216,0.0625,rac,0.0625,0.08750000000000001,19,0.1,0.34375
32,0.15625,0.84375,0.0,0.2,0.07407407407407407,0.09375,crc,0.09375,0.09375,19,0.15,0.0
32,0.15625,0.84375,0.0,0.2,0.07407407407407407,0.09375,rac,0.09375,0.09375,19,0.15,0.0
32,0.15625,0.84375,0.0,0.2,0.07407407407407407,0.09375,crc,0.09375,0.09375,19,0.2,0.0
32,0.15625,0.84375,0.0,0.2,0.07407407407407407,0.09375,rac,0.09375,0.09375,19,0.2,0.0
32,0.15625,0.84375,0.0,0.2,0.07407407407407407,0.09375,crc,0.09375,0.09375,19,0.3,0.0
32,0.15625,0.84375,0.0,0.2,0.07407407407407407,0.09375,rac,0.09375,0.09375,19,0.3,0.0
32,0.15625,0.84375,0.0,0.2,0.07407407407407407,0.09375,crc,0.09375,0.09375,19,0.4,0.0
32,0.15625,0.84375,0.0,0.2,0.07407407407407407,0.09375,rac,0.09375,0.09375,19,0.4,0.0
