n,p_trust,p_drop,p_test,false_trust,false_drop,wrong_nontest,method,triage_risk,full_risk,seed,split,coverage,width
30,0.03333333333333333,0.13333333333333333,0.8333333333333334,0.0,0.0,0.0,split_cp,0.0,0.16666666666666669,0,iid,0.9666666666666667,0.657103691914703
30,0.43333333333333335,0.5,0.06666666666666667,0.23076923076923078,0.2,0.2,crc,0.2,0.21333333333333335,0,iid,0.16666666666666666,0.0489974657601029
30,0.43333333333333335,0.5,0.06666666666666667,0.23076923076923078,0.2,0.2,rac,0.2,0.21333333333333335,0,iid,0.16666666666666666,0.0489974657601029
54,0.0,0.05555555555555555,0.9444444444444444,,0.0,0.0,split_cp,0.0,0.1888888888888888,0,ood,1.0,1.0737242600217707
54,0.12962962962962962,0.8148148148148148,0.05555555555555555,0.7142857142857143,0.09090909090909091,0.16666666666666666,crc,0.16666666666666666,0.17777777777777773,0,ood,0.24074074074074073,0.07148163828912604
54,0.12962962962962962,0.8148148148148148,0.05555555555555555,0.7142857142857143,0.09090909090909091,0.16666666666666666,rac,0.16666666666666666,0.17777777777777773,0,ood,0.24074074074074073,0.07148163828912604
32,0.0625,0.25,0.6875,0.0,0.0,0.0,split_cp,0.0,0.1375,1,iid,0.9375,0.5953711090142735
32,0.28125,0.71875,0.0,0.2222222222222222,0.043478260869565216,0.09375,crc,0.09375,0.09375,1,iid,0.03125,0.007816239603195827
32,0.28125,0.71875,0.0,0.2222222222222222,0.043478260869565216,0.09375,rac,0.09375,0.09375,1,iid,0.03125,0.007816239603195827
50,0.02,0.14,0.84,0.0,0.42857142857142855,0.06,split_cp,0.06,0.22799999999999998,1,ood,0.8,0.5597511125189685
50,0.16,0.84,0.0,0.0,0.30952380952380953,0.26,crc,0.26,0.26,1,ood,0.0,0.0
50,0.16,0.84,0.0,0.0,0.30952380952380953,0.26,rac,0.26,0.26,1,ood,0.0,0.0
31,0.03225806451612903,0.16129032258064516,0.8064516129032258,0.0,0.0,0.0,split_cp,0.0,0.16129032258064518,2,iid,0.9032258064516129,0.7140192859654431
31,0.16129032258064516,0.4838709677419355,0.3548387096774194,0.0,0.06666666666666667,0.03225806451612903,crc,0.03225806451612903,0.1032258064516129,2,iid,0.6774193548387096,0.25919135521226894
31,0.16129032258064516,0.4838709677419355,0.3548387096774194,0.0,0.06666666666666667,0.03225806451612903,rac,0.03225806451612903,0.1032258064516129,2,iid,0.6774193548387096,0.25919135521226894
40,0.0,0.1,0.9,,0.0,0.0,split_cp,0.0,0.18,2,ood,0.975,0.9432420058477942
40,0.025,0.375,0.6,0.0,0.0,0.0,crc,0.0,0.12000000000000002,2,ood,0.95,0.44682596691246756
40,0.025,0.375,0.6,0.0,0.0,0.0,rac,0.0,0.12000000000000002,2,ood,0.95,0.44682596691246756
29,0.034482758620689655,0.1724137931034483,0.7931034482758621,0.0,0.0,0.0,split_cp,0.0,0.15862068965517243,3,iid,0.9310344827586207,0.5396540314993798
29,0.3448275862068966,0.5517241379310345,0.10344827586206896,0.4,0.125,0.20689655172413793,crc,0.20689655172413793,0.22758620689655173,3,iid,0.13793103448275862,0.04141438662471663
29,0.3448275862068966,0.5517241379310345,0.10344827586206896,0.4,0.125,0.20689655172413793,rac,0.20689655172413793,0.22758620689655173,3,iid,0.13793103448275862,0.04141438662471663
46,0.0,0.043478260869565216,0.9565217391304348,,0.0,0.0,split_cp,0.0,0.1913043478260869,3,ood,0.9782608695652174,1.0226392320444604
46,0.21739130434782608,0.782608695652174,0.0,0.7,0.1388888888888889,0.2608695652173913,crc,0.2608695652173913,0.2608695652173913,3,ood,0.0,0.0
46,0.21739130434782608,0.782608695652174,0.0,0.7,0.1388888888888889,0.2608695652173913,rac,0.2608695652173913,0.2608695652173913,3,ood,0.0,0.0
31,0.0,0.16129032258064516,0.8387096774193549,,0.0,0.0,split_cp,0.0,0.167741935483871,4,iid,1.0,0.7101441837949252
31,0.1935483870967742,0.8064516129032258,0.0,0.0,0.24,0.1935483870967742,crc,0.1935483870967742,0.1935483870967742,4,iid,0.0,0.0
31,0.1935483870967742,0.8064516129032258,0.0,0.0,0.24,0.1935483870967742,rac,0.1935483870967742,0.1935483870967742,4,iid,0.0,0.0
81,0.0,0.1728395061728395,0.8271604938271605,,0.14285714285714285,0.024691358024691357,split_cp,0.024691358024691357,0.19012345679012344,4,ood,0.9135802469135802,0.6472986997709526
81,0.2716049382716049,0.7283950617283951,0.0,0.13636363636363635,0.1694915254237288,0.16049382716049382,crc,0.16049382716049382,0.16049382716049382,4,ood,0.0,0.0
81,0.2716049382716049,0.7283950617283951,0.0,0.13636363636363635,0.1694915254237288,0.16049382716049382,rac,0.16049382716049382,0.16049382716049382,4,ood,0.0,0.0
29,0.0,0.1724137931034483,0.8275862068965517,,0.0,0.0,split_cp,0.0,0.16551724137931037,5,iid,0.9310344827586207,0.6778057506421611
29,0.1724137931034483,0.7931034482758621,0.034482758620689655,0.0,0.043478260869565216,0.034482758620689655,crc,0.034482758620689655,0.041379310344827586,5,iid,0.0,0.009281759218288704
29,0.1724137931034483,0.7931034482758621,0.034482758620689655,0.0,0.043478260869565216,0.034482758620689655,rac,0.034482758620689655,0.041379310344827586,5,iid,0.0,0.009281759218288704
24,0.0,0.041666666666666664,0.9583333333333334,,0.0,0.0,split_cp,0.0,0.19166666666666668,5,ood,1.0,1.6566217212462087
24,0.0,0.4583333333333333,0.5416666666666666,,0.0,0.0,crc,0.0,0.10833333333333335,5,ood,0.8333333333333334,0.38296703148904737
24,0.0,0.4583333333333333,0.5416666666666666,,0.0,0.0,rac,0.0,0.10833333333333335,5,ood,0.8333333333333334,0.38296703148904737
31,0.0,0.1935483870967742,0.8064516129032258,,0.0,0.0,split_cp,0.0,0.16129032258064518,6,iid,0.967741935483871,0.6332300518990831
31,0.25806451612903225,0.7419354838709677,0.0,0.125,0.17391304347826086,0.16129032258064516,crc,0.16129032258064516,0.16129032258064516,6,iid,0.0,0.0
31,0.25806451612903225,0.7419354838709677,0.0,0.125,0.17391304347826086,0.16129032258064516,rac,0.16129032258064516,0.16129032258064516,6,iid,0.0,0.0
32,0.125,0.40625,0.46875,0.0,0.0,0.0,split_cp,0.0,0.09375000000000001,6,ood,0.78125,0.3098885898233198
32,0.25,0.6875,0.0625,0.125,0.045454545454545456,0.0625,crc,0.0625,0.075,6,ood,0.0625,0.06690894790748682
32,0.25,0.6875,0.0625,0.125,0.045454545454545456,0.0625,rac,0.0625,0.075,6,ood,0.0625,0.06690894790748682
32,0.0,0.21875,0.78125,,0.0,0.0,split_cp,0.0,0.15625000000000003,7,iid,0.96875,0.8099476362477352
32,0.1875,0.8125,0.0,0.3333333333333333,0.07692307692307693,0.125,crc,0.125,0.125,7,iid,0.0,0.0
32,0.1875,0.8125,0.0,0.3333333333333333,0.07692307692307693,0.125,rac,0.125,0.125,7,iid,0.0,0.0
40,0.0,0.075,0.925,,0.0,0.0,split_cp,0.0,0.185,7,ood,0.975,1.3532620967822397
40,0.025,0.625,0.35,0.0,0.04,0.025,crc,0.025,0.095,7,ood,0.675,0.23548289515727908
40,0.025,0.625,0.35,0.0,0.04,0.025,rac,0.025,0.095,7,ood,0.675,0.23548289515727908
30,0.06666666666666667,0.26666666666666666,0.6666666666666666,0.0,0.0,0.0,split_cp,0.0,0.13333333333333336,8,iid,0.9333333333333333,0.6974033689315302
30,0.2,0.6333333333333333,0.16666666666666666,0.16666666666666666,0.0,0.03333333333333333,crc,0.03333333333333333,0.06666666666666667,8,iid,0.2,0.052997860604762116
30,0.2,0.6333333333333333,0.16666666666666666,0.16666666666666666,0.0,0.03333333333333333,rac,0.03333333333333333,0.06666666666666667,8,iid,0.2,0.052997860604762116
43,0.0,0.23255813953488372,0.7674418604651163,,0.0,0.0,split_cp,0.0,0.1534883720930233,8,ood,0.9767441860465116,0.6241968125821232
43,0.18604651162790697,0.813953488372093,0.0,0.375,0.08571428571428572,0.13953488372093023,crc,0.13953488372093023,0.13953488372093023,8,ood,0.0,0.0
43,0.18604651162790697,0.813953488372093,0.0,0.375,0.08571428571428572,0.13953488372093023,rac,0.13953488372093023,0.13953488372093023,8,ood,0.0,0.0
31,0.06451612903225806,0.12903225806451613,0.8064516129032258,0.0,0.0,0.0,split_cp,0.0,0.16129032258064518,9,iid,0.9354838709677419,0.46576532328148756
31,0.3225806451612903,0.6774193548387096,0.0,0.2,0.23809523809523808,0.22580645161290322,crc,0.22580645161290322,0.22580645161290322,9,iid,0.0,0.0
31,0.3225806451612903,0.6774193548387096,0.0,0.2,0.23809523809523808,0.22580645161290322,rac,0.22580645161290322,0.22580645161290322,9,iid,0.0,0.0
58,0.017241379310344827,0.20689655172413793,0.7758620689655172,0.0,0.08333333333333333,0.017241379310344827,split_cp,0.017241379310344827,0.1724137931034483,9,ood,0.9482758620689655,0.7562904608991992
58,0.10344827586206896,0.3793103448275862,0.5172413793103449,0.0,0.13636363636363635,0.05172413793103448,crc,0.05172413793103448,0.15517241379310343,9,ood,0.8448275862068966,0.41186875634602943
58,0.10344827586206896,0.3793103448275862,0.5172413793103449,0.0,0.13636363636363635,0.05172413793103448,rac,0.05172413793103448,0.15517241379310343,9,ood,0.8448275862068966,0.41186875634602943
30,0.0,0.26666666666666666,0.7333333333333333,,0.0,0.0,split_cp,0.0,0.1466666666666667,10,iid,0.9666666666666667,0.6614151476244106
30,0.0,1.0,0.0,,0.06666666666666667,0.06666666666666667,crc,0.06666666666666667,0.06666666666666667,10,iid,0.0,0.0
30,0.0,1.0,0.0,,0.06666666666666667,0.06666666666666667,rac,0.06666666666666667,0.06666666666666667,10,iid,0.0,0.0
80,0.0125,0.025,0.9625,0.0,0.0,0.0,split_cp,0.0,0.19249999999999998,10,ood,0.9375,0.7524312643465754
80,0.1,0.1125,0.7875,0.125,0.0,0.0125,crc,0.0125,0.16999999999999998,10,ood,0.7125,0.3792261245796378
80,0.1,0.1125,0.7875,0.125,0.0,0.0125,rac,0.0125,0.16999999999999998,10,ood,0.7125,0.3792261245796378
31,0.06451612903225806,0.45161290322580644,0.4838709677419355,0.0,0.0,0.0,split_cp,0.0,0.09677419354838712,11,iid,0.9354838709677419,0.3559287074292191
31,0.2903225806451613,0.7096774193548387,0.0,0.1111111111111111,0.0,0.03225806451612903,crc,0.03225806451612903,0.03225806451612903,11,iid,0.0,0.0
31,0.2903225806451613,0.7096774193548387,0.0,0.1111111111111111,0.0,0.03225806451612903,rac,0.03225806451612903,0.03225806451612903,11,iid,0.0,0.0
44,0.0,0.22727272727272727,0.7727272727272727,,0.0,0.0,split_cp,0.0,0.15454545454545457,11,ood,1.0,0.7419038230002992
44,0.2727272727272727,0.7272727272727273,0.0,0.4166666666666667,0.03125,0.13636363636363635,crc,0.13636363636363635,0.13636363636363635,11,ood,0.0,0.0
44,0.2727272727272727,0.7272727272727273,0.0,0.4166666666666667,0.03125,0.13636363636363635,rac,0.13636363636363635,0.13636363636363635,11,ood,0.0,0.0
30,0.0,0.2,0.8,,0.0,0.0,split_cp,0.0,0.16000000000000006,12,iid,0.9666666666666667,0.6510991106681062
30,0.2,0.8,0.0,0.3333333333333333,0.16666666666666666,0.2,crc,0.2,0.2,12,iid,0.0,0.0
30,0.2,0.8,0.0,0.3333333333333333,0.16666666666666666,0.2,rac,0.2,0.2,12,iid,0.0,0.0
12,0.0,0.0,1.0,,,0.0,split_cp,0.0,0.20000000000000004,12,ood,1.0,1.0275537235560495
12,0.0,0.25,0.75,,0.0,0.0,crc,0.0,0.15,12,ood,1.0,0.3375560169966915
12,0.0,0.25,0.75,,0.0,0.0,rac,0.0,0.15,12,ood,1.0,0.3375560169966915
30,0.0,0.13333333333333333,0.8666666666666667,,0.0,0.0,split_cp,0.0,0.17333333333333337,13,iid,1.0,0.6814469880327182
30,0.2,0.5666666666666667,0.23333333333333334,0.0,0.0,0.0,crc,0.0,0.04666666666666666,13,iid,0.6,0.16173116408960717
30,0.2,0.5666666666666667,0.23333333333333334,0.0,0.0,0.0,rac,0.0,0.04666666666666666,13,iid,0.6,0.16173116408960717
66,0.045454545454545456,0.13636363636363635,0.8181818181818182,0.0,0.0,0.0,split_cp,0.0,0.16363636363636358,13,ood,0.8636363636363636,0.5640459504458208
66,0.19696969696969696,0.803030303030303,0.0,0.15384615384615385,0.03773584905660377,0.06060606060606061,crc,0.06060606060606061,0.06060606060606061,13,ood,0.0,0.0
66,0.19696969696969696,0.803030303030303,0.0,0.15384615384615385,0.03773584905660377,0.06060606060606061,rac,0.06060606060606061,0.06060606060606061,13,ood,0.0,0.0
31,0.03225806451612903,0.16129032258064516,0.8064516129032258,0.0,0.0,0.0,split_cp,0.0,0.16129032258064518,14,iid,0.9354838709677419,0.6469916801991991
31,0.12903225806451613,0.5806451612903226,0.2903225806451613,0.0,0.0,0.0,crc,0.0,0.05806451612903226,14,iid,0.6129032258064516,0.15111591435039767
31,0.12903225806451613,0.5806451612903226,0.2903225806451613,0.0,0.0,0.0,rac,0.0,0.05806451612903226,14,iid,0.6129032258064516,0.15111591435039767
49,0.061224489795918366,0.3469387755102041,0.5918367346938775,0.0,0.0,0.0,split_cp,0.0,0.11836734693877553,14,ood,0.9387755102040817,0.4279033621364871
49,0.16326530612244897,0.5714285714285714,0.2653061224489796,0.0,0.03571428571428571,0.02040816326530612,crc,0.02040816326530612,0.07346938775510205,14,ood,0.5102040816326531,0.15779885839719787
49,0.16326530612244897,0.5714285714285714,0.2653061224489796,0.0,0.03571428571428571,0.02040816326530612,rac,0.02040816326530612,0.07346938775510205,14,ood,0.5102040816326531,0.15779885839719787
31,0.03225806451612903,0.1935483870967742,0.7741935483870968,0.0,0.0,0.0,split_cp,0.0,0.15483870967741942,15,iid,0.967741935483871,0.6227104051353125
31,0.22580645161290322,0.7741935483870968,0.0,0.42857142857142855,0.125,0.1935483870967742,crc,0.1935483870967742,0.1935483870967742,15,iid,0.0,0.0
31,0.22580645161290322,0.7741935483870968,0.0,0.42857142857142855,0.125,0.1935483870967742,rac,0.1935483870967742,0.1935483870967742,15,iid,0.0,0.0
43,0.023255813953488372,0.37209302325581395,0.6046511627906976,1.0,0.0,0.023255813953488372,split_cp,0.023255813953488372,0.14418604651162792,15,ood,0.8837209302325582,0.49750660706845073
43,0.20930232558139536,0.7906976744186046,0.0,0.3333333333333333,0.058823529411764705,0.11627906976744186,crc,0.11627906976744186,0.11627906976744186,15,ood,0.023255813953488372,0.011744875097098767
43,0.20930232558139536,0.7906976744186046,0.0,0.3333333333333333,0.058823529411764705,0.11627906976744186,rac,0.11627906976744186,0.11627906976744186,15,ood,0.023255813953488372,0.011744875097098767
32,0.0625,0.25,0.6875,0.0,0.0,0.0,split_cp,0.0,0.1375,16,iid,0.9375,0.5974697325364042
32,0.09375,0.90625,0.0,0.3333333333333333,0.13793103448275862,0.15625,crc,0.15625,0.15625,16,iid,0.0,0.0
32,0.09375,0.90625,0.0,0.3333333333333333,0.13793103448275862,0.15625,rac,0.15625,0.15625,16,iid,0.0,0.0
19,0.0,0.3684210526315789,0.631578947368421,,0.0,0.0,split_cp,0.0,0.12631578947368424,16,ood,0.9473684210526315,0.5477265751735253
19,0.05263157894736842,0.9473684210526315,0.0,1.0,0.0,0.05263157894736842,crc,0.05263157894736842,0.05263157894736842,16,ood,0.0,0.0
19,0.05263157894736842,0.9473684210526315,0.0,1.0,0.0,0.05263157894736842,rac,0.05263157894736842,0.05263157894736842,16,ood,0.0,0.0
31,0.06451612903225806,0.3548387096774194,0.5806451612903226,0.0,0.09090909090909091,0.03225806451612903,split_cp,0.03225806451612903,0.14838709677419357,17,iid,0.8064516129032258,0.3462622622679316
31,0.1935483870967742,0.8064516129032258,0.0,0.16666666666666666,0.16,0.16129032258064516,crc,0.16129032258064516,0.16129032258064516,17,iid,0.0,0.0
31,0.1935483870967742,0.8064516129032258,0.0,0.16666666666666666,0.16,0.16129032258064516,rac,0.16129032258064516,0.16129032258064516,17,iid,0.0,0.0
67,0.1044776119402985,0.22388059701492538,0.6716417910447762,0.0,0.0,0.0,split_cp,0.0,0.13432835820895522,17,ood,0.8805970149253731,0.4671312298134264
67,0.29850746268656714,0.6716417910447762,0.029850746268656716,0.05,0.24444444444444444,0.1791044776119403,crc,0.1791044776119403,0.18507462686567164,17,ood,0.07462686567164178,0.02439061380347136
67,0.29850746268656714,0.6716417910447762,0.029850746268656716,0.05,0.24444444444444444,0.1791044776119403,rac,0.1791044776119403,0.18507462686567164,17,ood,0.07462686567164178,0.02439061380347136
31,0.06451612903225806,0.22580645161290322,0.7096774193548387,0.0,0.14285714285714285,0.03225806451612903,split_cp,0.03225806451612903,0.17419354838709677,18,iid,0.8387096774193549,0.42971698017830684
31,0.3225806451612903,0.45161290322580644,0.22580645161290322,0.1,0.07142857142857142,0.06451612903225806,crc,0.06451612903225806,0.10967741935483871,18,iid,0.3225806451612903,0.07253236919045658
31,0.3225806451612903,0.45161290322580644,0.22580645161290322,0.1,0.07142857142857142,0.06451612903225806,rac,0.06451612903225806,0.10967741935483871,18,iid,0.3225806451612903,0.07253236919045658
40,0.0,0.1,0.9,,0.0,0.0,split_cp,0.0,0.18,18,ood,0.975,0.9505711080314138
40,0.025,0.975,0.0,1.0,0.0,0.025,crc,0.025,0.025,18,ood,0.0,0.0
40,0.025,0.975,0.0,1.0,0.0,0.025,rac,0.025,0.025,18,ood,0.0,0.0
32,0.0,0.28125,0.71875,,0.0,0.0,split_cp,0.0,0.14375000000000002,19,iid,1.0,0.571384889874053
32,0.15625,0.84375,0.0,0.2,0.07407407407407407,0.09375,crc,0.09375,0.09375,19,iid,0.0,0.0
32,0.15625,0.84375,0.0,0.2,0.07407407407407407,0.09375,rac,0.09375,0.09375,19,iid,0.0,0.0
60,0.1,0.0,0.9,0.0,,0.0,split_cp,0.0,0.17999999999999997,19,ood,0.9833333333333333,1.2582809176937866
60,0.43333333333333335,0.2833333333333333,0.2833333333333333,0.038461538461538464,0.35294117647058826,0.11666666666666667,crc,0.11666666666666667,0.17333333333333334,19,ood,0.13333333333333333,0.04128127166516195
60,0.43333333333333335,0.2833333333333333,0.2833333333333333,0.038461538461538464,0.35294117647058826,0.11666666666666667,rac,0.11666666666666667,0.17333333333333334,19,ood,0.13333333333333333,0.04128127166516195
