method,seed,t,R
risktriage,0,0.05,0.2
risktriage,0,0.1,0.16666666666666666
risktriage,0,0.2,0.16666666666666666
risktriage,0,0.3,0.13333333333333333
risktriage,0,0.5,0.06666666666666667
risktriage,1,0.05,0.09375
risktriage,1,0.1,0.09375
risktriage,1,0.2,0.0625
risktriage,1,0.3,0.03125
risktriage,1,0.5,0.0
risktriage,2,0.05,0.0967741935483871
risktriage,2,0.1,0.06451612903225806
risktriage,2,0.2,0.06451612903225806
risktriage,2,0.3,0.06451612903225806
risktriage,2,0.5,0.0
risktriage,3,0.05,0.27586206896551724
risktriage,3,0.1,0.2413793103448276
risktriage,3,0.2,0.1724137931034483
risktriage,3,0.3,0.10344827586206896
risktriage,3,0.5,0.06896551724137931
risktriage,4,0.05,0.16129032258064516
risktriage,4,0.1,0.0967741935483871
risktriage,4,0.2,0.06451612903225806
risktriage,4,0.3,0.06451612903225806
risktriage,4,0.5,0.0
risktriage,5,0.05,0.034482758620689655
risktriage,5,0.1,0.034482758620689655
risktriage,5,0.2,0.034482758620689655
risktriage,5,0.3,0.034482758620689655
risktriage,5,0.5,0.034482758620689655
risktriage,6,0.05,0.16129032258064516
risktriage,6,0.1,0.0967741935483871
risktriage,6,0.2,0.0967741935483871
risktriage,6,0.3,0.06451612903225806
risktriage,6,0.5,0.03225806451612903
risktriage,7,0.05,0.125
risktriage,7,0.1,0.09375
risktriage,7,0.2,0.03125
risktriage,7,0.3,0.0
risktriage,7,0.5,0.0
risktriage,8,0.05,0.1
risktriage,8,0.1,0.1
risktriage,8,0.2,0.03333333333333333
risktriage,8,0.3,0.03333333333333333
risktriage,8,0.5,0.0
risktriage,9,0.05,0.1935483870967742
risktriage,9,0.1,0.12903225806451613
risktriage,9,0.2,0.0967741935483871
risktriage,9,0.3,0.0967741935483871
risktriage,9,0.5,0.03225806451612903
risktriage,10,0.05,0.03333333333333333
risktriage,10,0.1,0.03333333333333333
risktriage,10,0.2,0.03333333333333333
risktriage,10,0.3,0.03333333333333333
risktriage,10,0.5,0.0
risktriage,11,0.05,0.03225806451612903
risktriage,11,0.1,0.03225806451612903
risktriage,11,0.2,0.0
risktriage,11,0.3,0.0
risktriage,11,0.5,0.0
risktriage,12,0.05,0.2
risktriage,12,0.1,0.13333333333333333
risktriage,12,0.2,0.06666666666666667
risktriage,12,0.3,0.06666666666666667
risktriage,12,0.5,0.0
risktriage,13,0.05,0.06666666666666667
risktriage,13,0.1,0.03333333333333333
risktriage,13,0.2,0.03333333333333333
risktriage,13,0.3,0.0
risktriage,13,0.5,0.0
risktriage,14,0.05,0.06451612903225806
risktriage,14,0.1,0.06451612903225806
risktriage,14,0.2,0.03225806451612903
risktriage,14,0.3,0.0
risktriage,14,0.5,0.0
risktriage,15,0.05,0.16129032258064516
risktriage,15,0.1,0.12903225806451613
risktriage,15,0.2,0.06451612903225806
risktriage,15,0.3,0.03225806451612903
risktriage,15,0.5,0.03225806451612903
risktriage,16,0.05,0.125
risktriage,16,0.1,0.125
risktriage,16,0.2,0.0625
risktriage,16,0.3,0.0
risktriage,16,0.5,0.0
risktriage,17,0.05,0.12903225806451613
risktriage,17,0.1,0.0967741935483871
risktriage,17,0.2,0.06451612903225806
risktriage,17,0.3,0.06451612903225806
risktriage,17,0.5,0.03225806451612903
risktriage,18,0.05,0.16129032258064516
risktriage,18,0.1,0.0967741935483871
risktriage,18,0.2,0.06451612903225806
risktriage,18,0.3,0.03225806451612903
risktriage,18,0.5,0.03225806451612903
risktriage,19,0.05,0.09375
risktriage,19,0.1,0.0625
risktriage,19,0.2,0.03125
risktriage,19,0.3,0.0
risktriage,19,0.5,0.0
crc,0,0.05,0.2
crc,0,0.1,0.2
crc,0,0.2,0.16666666666666666
crc,0,0.3,0.1
crc,0,0.5,0.06666666666666667
crc,1,0.05,0.09375
crc,1,0.1,0.09375
crc,1,0.2,0.0625
crc,1,0.3,0.03125
crc,1,0.5,0.0
crc,2,0.05,0.0967741935483871
crc,2,0.1,0.06451612903225806
crc,2,0.2,0.06451612903225806
crc,2,0.3,0.06451612903225806
crc,2,0.5,0.0
crc,3,0.05,0.27586206896551724
crc,3,0.1,0.2413793103448276
crc,3,0.2,0.1724137931034483
crc,3,0.3,0.10344827586206896
crc,3,0.5,0.06896551724137931
crc,4,0.05,0.16129032258064516
crc,4,0.1,0.0967741935483871
crc,4,0.2,0.06451612903225806
crc,4,0.3,0.06451612903225806
crc,4,0.5,0.0
crc,5,0.05,0.034482758620689655
crc,5,0.1,0.034482758620689655
crc,5,0.2,0.034482758620689655
crc,5,0.3,0.034482758620689655
crc,5,0.5,0.034482758620689655
crc,6,0.05,0.16129032258064516
crc,6,0.1,0.0967741935483871
crc,6,0.2,0.0967741935483871
crc,6,0.3,0.06451612903225806
crc,6,0.5,0.03225806451612903
crc,7,0.05,0.125
crc,7,0.1,0.09375
crc,7,0.2,0.03125
crc,7,0.3,0.0
crc,7,0.5,0.0
crc,8,0.05,0.1
crc,8,0.1,0.1
crc,8,0.2,0.03333333333333333
crc,8,0.3,0.03333333333333333
crc,8,0.5,0.0
crc,9,0.05,0.22580645161290322
crc,9,0.1,0.12903225806451613
crc,9,0.2,0.0967741935483871
crc,9,0.3,0.0967741935483871
crc,9,0.5,0.03225806451612903
crc,10,0.05,0.03333333333333333
crc,10,0.1,0.03333333333333333
crc,10,0.2,0.03333333333333333
crc,10,0.3,0.0
crc,10,0.5,0.0
crc,11,0.05,0.03225806451612903
crc,11,0.1,0.03225806451612903
crc,11,0.2,0.0
crc,11,0.3,0.0
crc,11,0.5,0.0
crc,12,0.05,0.2
crc,12,0.1,0.13333333333333333
crc,12,0.2,0.06666666666666667
crc,12,0.3,0.06666666666666667
crc,12,0.5,0.0
crc,13,0.05,0.06666666666666667
crc,13,0.1,0.03333333333333333
crc,13,0.2,0.03333333333333333
crc,13,0.3,0.0
crc,13,0.5,0.0
crc,14,0.05,0.06451612903225806
crc,14,0.1,0.06451612903225806
crc,14,0.2,0.03225806451612903
crc,14,0.3,0.0
crc,14,0.5,0.0
crc,15,0.05,0.16129032258064516
crc,15,0.1,0.0967741935483871
crc,15,0.2,0.06451612903225806
crc,15,0.3,0.03225806451612903
crc,15,0.5,0.03225806451612903
crc,16,0.05,0.125
crc,16,0.1,0.125
crc,16,0.2,0.0625
crc,16,0.3,0.03125
crc,16,0.5,0.0
crc,17,0.05,0.12903225806451613
crc,17,0.1,0.0967741935483871
crc,17,0.2,0.06451612903225806
crc,17,0.3,0.06451612903225806
crc,17,0.5,0.03225806451612903
crc,18,0.05,0.16129032258064516
crc,18,0.1,0.0967741935483871
crc,18,0.2,0.06451612903225806
crc,18,0.3,0.03225806451612903
crc,18,0.5,0.03225806451612903
crc,19,0.05,0.09375
crc,19,0.1,0.0625
crc,19,0.2,0.03125
crc,19,0.3,0.03125
crc,19,0.5,0.0
rac,0,0.05,0.2
rac,0,0.1,0.2
rac,0,0.2,0.16666666666666666
rac,0,0.3,0.1
rac,0,0.5,0.06666666666666667
rac,1,0.05,0.09375
rac,1,0.1,0.09375
rac,1,0.2,0.0625
rac,1,0.3,0.03125
rac,1,0.5,0.0
rac,2,0.05,0.0967741935483871
rac,2,0.1,0.06451612903225806
rac,2,0.2,0.06451612903225806
rac,2,0.3,0.06451612903225806
rac,2,0.5,0.0
rac,3,0.05,0.27586206896551724
rac,3,0.1,0.2413793103448276
rac,3,0.2,0.1724137931034483
rac,3,0.3,0.10344827586206896
rac,3,0.5,0.06896551724137931
rac,4,0.05,0.16129032258064516
rac,4,0.1,0.0967741935483871
rac,4,0.2,0.06451612903225806
rac,4,0.3,0.06451612903225806
rac,4,0.5,0.0
rac,5,0.05,0.034482758620689655
rac,5,0.1,0.034482758620689655
rac,5,0.2,0.034482758620689655
rac,5,0.3,0.034482758620689655
rac,5,0.5,0.034482758620689655
rac,6,0.05,0.16129032258064516
rac,6,0.1,0.0967741935483871
rac,6,0.2,0.0967741935483871
rac,6,0.3,0.06451612903225806
rac,6,0.5,0.03225806451612903
rac,7,0.05,0.125
rac,7,0.1,0.09375
rac,7,0.2,0.03125
rac,7,0.3,0.0
rac,7,0.5,0.0
rac,8,0.05,0.1
rac,8,0.1,0.1
rac,8,0.2,0.03333333333333333
rac,8,0.3,0.03333333333333333
rac,8,0.5,0.0
rac,9,0.05,0.22580645161290322
rac,9,0.1,0.12903225806451613
rac,9,0.2,0.0967741935483871
rac,9,0.3,0.0967741935483871
rac,9,0.5,0.03225806451612903
rac,10,0.05,0.03333333333333333
rac,10,0.1,0.03333333333333333
rac,10,0.2,0.03333333333333333
rac,10,0.3,0.0
rac,10,0.5,0.0
rac,11,0.05,0.03225806451612903
rac,11,0.1,0.03225806451612903
rac,11,0.2,0.0
rac,11,0.3,0.0
rac,11,0.5,0.0
rac,12,0.05,0.2
rac,12,0.1,0.13333333333333333
rac,12,0.2,0.06666666666666667
rac,12,0.3,0.06666666666666667
rac,12,0.5,0.0
rac,13,0.05,0.06666666666666667
rac,13,0.1,0.03333333333333333
rac,13,0.2,0.03333333333333333
rac,13,0.3,0.0
rac,13,0.5,0.0
rac,14,0.05,0.06451612903225806
rac,14,0.1,0.06451612903225806
rac,14,0.2,0.03225806451612903
rac,14,0.3,0.0
rac,14,0.5,0.0
rac,15,0.05,0.16129032258064516
rac,15,0.1,0.0967741935483871
rac,15,0.2,0.06451612903225806
rac,15,0.3,0.03225806451612903
rac,15,0.5,0.03225806451612903
rac,16,0.05,0.125
rac,16,0.1,0.125
rac,16,0.2,0.0625
rac,16,0.3,0.03125
rac,16,0.5,0.0
rac,17,0.05,0.12903225806451613
rac,17,0.1,0.0967741935483871
rac,17,0.2,0.06451612903225806
rac,17,0.3,0.06451612903225806
rac,17,0.5,0.03225806451612903
rac,18,0.05,0.16129032258064516
rac,18,0.1,0.0967741935483871
rac,18,0.2,0.06451612903225806
rac,18,0.3,0.03225806451612903
rac,18,0.5,0.03225806451612903
rac,19,0.05,0.09375
rac,19,0.1,0.0625
rac,19,0.2,0.03125
rac,19,0.3,0.03125
rac,19,0.5,0.0
split_cp,0,0.05,
split_cp,0,0.1,
split_cp,0,0.2,
split_cp,0,0.3,0.1
split_cp,0,0.5,0.06666666666666667
split_cp,1,0.05,
split_cp,1,0.1,
split_cp,1,0.2,
split_cp,1,0.3,0.03125
split_cp,1,0.5,0.0
split_cp,2,0.05,
split_cp,2,0.1,
split_cp,2,0.2,
split_cp,2,0.3,0.06451612903225806
split_cp,2,0.5,0.0
split_cp,3,0.05,
split_cp,3,0.1,
split_cp,3,0.2,
split_cp,3,0.3,
split_cp,3,0.5,0.06896551724137931
split_cp,4,0.05,
split_cp,4,0.1,
split_cp,4,0.2,
split_cp,4,0.3,0.06451612903225806
split_cp,4,0.5,0.0
split_cp,5,0.05,
split_cp,5,0.1,
split_cp,5,0.2,
split_cp,5,0.3,0.034482758620689655
split_cp,5,0.5,0.034482758620689655
split_cp,6,0.05,
split_cp,6,0.1,
split_cp,6,0.2,
split_cp,6,0.3,0.06451612903225806
split_cp,6,0.5,0.03225806451612903
split_cp,7,0.05,
split_cp,7,0.1,
split_cp,7,0.2,0.03125
split_cp,7,0.3,0.0
split_cp,7,0.5,0.0
split_cp,8,0.05,
split_cp,8,0.1,
split_cp,8,0.2,
split_cp,8,0.3,0.03333333333333333
split_cp,8,0.5,0.0
split_cp,9,0.05,
split_cp,9,0.1,
split_cp,9,0.2,
split_cp,9,0.3,0.06451612903225806
split_cp,9,0.5,0.03225806451612903
split_cp,10,0.05,
split_cp,10,0.1,0.03333333333333333
split_cp,10,0.2,0.03333333333333333
split_cp,10,0.3,0.0
split_cp,10,0.5,0.0
split_cp,11,0.05,
split_cp,11,0.1,
split_cp,11,0.2,0.0
split_cp,11,0.3,0.0
split_cp,11,0.5,0.0
split_cp,12,0.05,
split_cp,12,0.1,
split_cp,12,0.2,
split_cp,12,0.3,
split_cp,12,0.5,0.0
split_cp,13,0.05,
split_cp,13,0.1,
split_cp,13,0.2,
split_cp,13,0.3,
split_cp,13,0.5,0.0
split_cp,14,0.05,
split_cp,14,0.1,
split_cp,14,0.2,
split_cp,14,0.3,
split_cp,14,0.5,0.0
split_cp,15,0.05,
split_cp,15,0.1,
split_cp,15,0.2,
split_cp,15,0.3,0.03225806451612903
split_cp,15,0.5,0.03225806451612903
split_cp,16,0.05,0.125
split_cp,16,0.1,0.125
split_cp,16,0.2,0.0625
split_cp,16,0.3,0.03125
split_cp,16,0.5,0.0
split_cp,17,0.05,
split_cp,17,0.1,
split_cp,17,0.2,0.06451612903225806
split_cp,17,0.3,0.06451612903225806
split_cp,17,0.5,0.03225806451612903
split_cp,18,0.05,
split_cp,18,0.1,
split_cp,18,0.2,
split_cp,18,0.3,
split_cp,18,0.5,0.03225806451612903
split_cp,19,0.05,
split_cp,19,0.1,
split_cp,19,0.2,
split_cp,19,0.3,0.0
split_cp,19,0.5,0.0
uncertainty,0,0.05,0.23333333333333334
uncertainty,0,0.1,0.16666666666666666
uncertainty,0,0.2,0.13333333333333333
uncertainty,0,0.3,0.1
uncertainty,0,0.5,0.06666666666666667
uncertainty,1,0.05,0.09375
uncertainty,1,0.1,0.0625
uncertainty,1,0.2,0.0625
uncertainty,1,0.3,0.0625
uncertainty,1,0.5,0.03125
uncertainty,2,0.05,0.0967741935483871
uncertainty,2,0.1,0.06451612903225806
uncertainty,2,0.2,0.06451612903225806
uncertainty,2,0.3,0.06451612903225806
uncertainty,2,0.5,0.0
uncertainty,3,0.05,0.27586206896551724
uncertainty,3,0.1,0.27586206896551724
uncertainty,3,0.2,0.1724137931034483
uncertainty,3,0.3,0.13793103448275862
uncertainty,3,0.5,0.06896551724137931
uncertainty,4,0.05,0.1935483870967742
uncertainty,4,0.1,0.16129032258064516
uncertainty,4,0.2,0.16129032258064516
uncertainty,4,0.3,0.12903225806451613
uncertainty,4,0.5,0.0967741935483871
uncertainty,5,0.05,0.06896551724137931
uncertainty,5,0.1,0.06896551724137931
uncertainty,5,0.2,0.034482758620689655
uncertainty,5,0.3,0.034482758620689655
uncertainty,5,0.5,0.034482758620689655
uncertainty,6,0.05,0.16129032258064516
uncertainty,6,0.1,0.12903225806451613
uncertainty,6,0.2,0.0967741935483871
uncertainty,6,0.3,0.06451612903225806
uncertainty,6,0.5,0.06451612903225806
uncertainty,7,0.05,0.125
uncertainty,7,0.1,0.09375
uncertainty,7,0.2,0.0625
uncertainty,7,0.3,0.0625
uncertainty,7,0.5,0.03125
uncertainty,8,0.05,0.13333333333333333
uncertainty,8,0.1,0.13333333333333333
uncertainty,8,0.2,0.06666666666666667
uncertainty,8,0.3,0.06666666666666667
uncertainty,8,0.5,0.06666666666666667
uncertainty,9,0.05,0.22580645161290322
uncertainty,9,0.1,0.16129032258064516
uncertainty,9,0.2,0.12903225806451613
uncertainty,9,0.3,0.12903225806451613
uncertainty,9,0.5,0.06451612903225806
uncertainty,10,0.05,0.06666666666666667
uncertainty,10,0.1,0.03333333333333333
uncertainty,10,0.2,0.03333333333333333
uncertainty,10,0.3,0.03333333333333333
uncertainty,10,0.5,0.03333333333333333
uncertainty,11,0.05,0.03225806451612903
uncertainty,11,0.1,0.03225806451612903
uncertainty,11,0.2,0.03225806451612903
uncertainty,11,0.3,0.03225806451612903
uncertainty,11,0.5,0.03225806451612903
uncertainty,12,0.05,0.2
uncertainty,12,0.1,0.13333333333333333
uncertainty,12,0.2,0.13333333333333333
uncertainty,12,0.3,0.13333333333333333
uncertainty,12,0.5,0.06666666666666667
uncertainty,13,0.05,0.06666666666666667
uncertainty,13,0.1,0.03333333333333333
uncertainty,13,0.2,0.0
uncertainty,13,0.3,0.0
uncertainty,13,0.5,0.0
uncertainty,14,0.05,0.06451612903225806
uncertainty,14,0.1,0.06451612903225806
uncertainty,14,0.2,0.06451612903225806
uncertainty,14,0.3,0.06451612903225806
uncertainty,14,0.5,0.06451612903225806
uncertainty,15,0.05,0.1935483870967742
uncertainty,15,0.1,0.16129032258064516
uncertainty,15,0.2,0.12903225806451613
uncertainty,15,0.3,0.12903225806451613
uncertainty,15,0.5,0.12903225806451613
uncertainty,16,0.05,0.15625
uncertainty,16,0.1,0.15625
uncertainty,16,0.2,0.125
uncertainty,16,0.3,0.09375
uncertainty,16,0.5,0.0625
uncertainty,17,0.05,0.16129032258064516
uncertainty,17,0.1,0.12903225806451613
uncertainty,17,0.2,0.0967741935483871
uncertainty,17,0.3,0.0967741935483871
uncertainty,17,0.5,0.06451612903225806
uncertainty,18,0.05,0.16129032258064516
uncertainty,18,0.1,0.12903225806451613
uncertainty,18,0.2,0.0967741935483871
uncertainty,18,0.3,0.0967741935483871
uncertainty,18,0.5,0.0967741935483871
uncertainty,19,0.05,0.09375
uncertainty,19,0.1,0.0625
uncertainty,19,0.2,0.0625
uncertainty,19,0.3,0.03125
uncertainty,19,0.5,0.03125
